2025-11-24 17:03:46.419 [main] INFO  steven.test.project.FirstWebManagerApplication:? - Starting FirstWebManagerApplication using Java 24.0.1 with PID 25020 (D:\shwork\work\javawork\java-project\first-web-manager\target\classes started by 23693 in D:\shwork\work\javawork\java-project)
2025-11-24 17:03:46.420 [main] DEBUG steven.test.project.FirstWebManagerApplication:? - Running with Spring Boot v3.5.6, Spring v6.2.11
2025-11-24 17:03:46.420 [main] INFO  steven.test.project.FirstWebManagerApplication:? - No active profile set, falling back to 1 default profile: "default"
2025-11-24 17:03:47.273 [main] INFO  o.s.boot.web.embedded.tomcat.TomcatWebServer:? - Tomcat initialized with port 8080 (http)
2025-11-24 17:03:47.282 [main] INFO  org.apache.catalina.core.StandardService:? - Starting service [Tomcat]
2025-11-24 17:03:47.282 [main] INFO  org.apache.catalina.core.StandardEngine:? - Starting Servlet engine: [Apache Tomcat/10.1.46]
2025-11-24 17:03:47.317 [main] INFO  o.a.c.core.ContainerBase.[Tomcat].[localhost].[/]:? - Initializing Spring embedded WebApplicationContext
2025-11-24 17:03:47.317 [main] INFO  o.s.b.w.s.c.ServletWebServerApplicationContext:? - Root WebApplicationContext: initialization completed in 865 ms
2025-11-24 17:03:47.373 [main] INFO  com.zaxxer.hikari.HikariDataSource:? - HikariPool-1 - Starting...
2025-11-24 17:03:47.493 [main] INFO  com.zaxxer.hikari.pool.HikariPool:? - HikariPool-1 - Added connection com.mysql.cj.jdbc.ConnectionImpl@5f0f70c7
2025-11-24 17:03:47.495 [main] INFO  com.zaxxer.hikari.HikariDataSource:? - HikariPool-1 - Start completed.
2025-11-24 17:03:47.766 [main] INFO  o.s.v.beanvalidation.OptionalValidatorFactoryBean:? - Failed to set up a Bean Validation provider: jakarta.validation.NoProviderFoundException: Unable to create a Configuration, because no Jakarta Bean Validation provider could be found. Add a provider like Hibernate Validator (RI) to your classpath.
2025-11-24 17:03:48.000 [main] WARN  o.s.b.w.s.c.AnnotationConfigServletWebServerApplicationContext:? - Exception encountered during context initialization - cancelling refresh attempt: org.springframework.context.ApplicationContextException: Failed to start bean 'webServerStartStop'
2025-11-24 17:03:48.001 [main] INFO  com.zaxxer.hikari.HikariDataSource:? - HikariPool-1 - Shutdown initiated...
2025-11-24 17:03:48.006 [main] INFO  com.zaxxer.hikari.HikariDataSource:? - HikariPool-1 - Shutdown completed.
2025-11-24 17:03:48.014 [main] INFO  o.s.b.a.logging.ConditionEvaluationReportLogger:? - 

Error starting ApplicationContext. To display the condition evaluation report re-run your application with 'debug' enabled.
2025-11-24 17:03:48.023 [main] ERROR o.s.b.diagnostics.LoggingFailureAnalysisReporter:? - 

***************************
APPLICATION FAILED TO START
***************************

Description:

Web server failed to start. Port 8080 was already in use.

Action:

Identify and stop the process that's listening on port 8080 or configure this application to listen on another port.

2025-11-24 17:11:50.159 [main] INFO  steven.test.project.FirstWebManagerApplication:? - Starting FirstWebManagerApplication using Java 24.0.1 with PID 20596 (D:\shwork\work\javawork\java-project\first-web-manager\target\classes started by 23693 in D:\shwork\work\javawork\java-project)
2025-11-24 17:11:50.160 [main] DEBUG steven.test.project.FirstWebManagerApplication:? - Running with Spring Boot v3.5.6, Spring v6.2.11
2025-11-24 17:11:50.160 [main] INFO  steven.test.project.FirstWebManagerApplication:? - No active profile set, falling back to 1 default profile: "default"
2025-11-24 17:11:50.710 [main] INFO  o.s.boot.web.embedded.tomcat.TomcatWebServer:? - Tomcat initialized with port 8080 (http)
2025-11-24 17:11:50.717 [main] INFO  org.apache.catalina.core.StandardService:? - Starting service [Tomcat]
2025-11-24 17:11:50.717 [main] INFO  org.apache.catalina.core.StandardEngine:? - Starting Servlet engine: [Apache Tomcat/10.1.46]
2025-11-24 17:11:50.739 [main] INFO  o.a.c.core.ContainerBase.[Tomcat].[localhost].[/]:? - Initializing Spring embedded WebApplicationContext
2025-11-24 17:11:50.740 [main] INFO  o.s.b.w.s.c.ServletWebServerApplicationContext:? - Root WebApplicationContext: initialization completed in 560 ms
2025-11-24 17:11:50.781 [main] INFO  com.zaxxer.hikari.HikariDataSource:? - HikariPool-1 - Starting...
2025-11-24 17:11:50.861 [main] INFO  com.zaxxer.hikari.pool.HikariPool:? - HikariPool-1 - Added connection com.mysql.cj.jdbc.ConnectionImpl@414b2df5
2025-11-24 17:11:50.861 [main] INFO  com.zaxxer.hikari.HikariDataSource:? - HikariPool-1 - Start completed.
2025-11-24 17:11:51.047 [main] INFO  o.s.v.beanvalidation.OptionalValidatorFactoryBean:? - Failed to set up a Bean Validation provider: jakarta.validation.NoProviderFoundException: Unable to create a Configuration, because no Jakarta Bean Validation provider could be found. Add a provider like Hibernate Validator (RI) to your classpath.
2025-11-24 17:11:51.246 [main] INFO  o.s.boot.web.embedded.tomcat.TomcatWebServer:? - Tomcat started on port 8080 (http) with context path '/'
2025-11-24 17:11:51.250 [main] INFO  steven.test.project.FirstWebManagerApplication:? - Started FirstWebManagerApplication in 1.359 seconds (process running for 1.626)
2025-11-24 17:12:05.898 [http-nio-8080-exec-2] INFO  org.apache.tomcat.util.http.parser.Cookie:? - A cookie header was received [Hm_lvt_b97569d26a525941d8d163729d284198=1761730150,1761786853;] that contained an invalid cookie. That cookie will be ignored.
 Note: further occurrences of this error will be logged at DEBUG level.
2025-11-24 17:12:05.902 [http-nio-8080-exec-3] INFO  o.a.c.core.ContainerBase.[Tomcat].[localhost].[/]:? - Initializing Spring DispatcherServlet 'dispatcherServlet'
2025-11-24 17:12:05.902 [http-nio-8080-exec-3] INFO  org.springframework.web.servlet.DispatcherServlet:? - Initializing Servlet 'dispatcherServlet'
2025-11-24 17:12:05.903 [http-nio-8080-exec-3] INFO  org.springframework.web.servlet.DispatcherServlet:? - Completed initialization in 1 ms
2025-11-24 17:12:05.925 [http-nio-8080-exec-3] ERROR steven.test.project.config.GlobalExceptionHandler:? - [SystemException] 系统异常：
org.springframework.web.servlet.resource.NoResourceFoundException: No static resource api/flightServer/report/reportBrand.
	at org.springframework.web.servlet.resource.ResourceHttpRequestHandler.handleRequest(ResourceHttpRequestHandler.java:585)
	at org.springframework.web.servlet.mvc.HttpRequestHandlerAdapter.handle(HttpRequestHandlerAdapter.java:52)
	at org.springframework.web.servlet.DispatcherServlet.doDispatch(DispatcherServlet.java:1089)
	at org.springframework.web.servlet.DispatcherServlet.doService(DispatcherServlet.java:979)
	at org.springframework.web.servlet.FrameworkServlet.processRequest(FrameworkServlet.java:1014)
	at org.springframework.web.servlet.FrameworkServlet.doGet(FrameworkServlet.java:903)
	at jakarta.servlet.http.HttpServlet.service(HttpServlet.java:564)
	at org.springframework.web.servlet.FrameworkServlet.service(FrameworkServlet.java:885)
	at jakarta.servlet.http.HttpServlet.service(HttpServlet.java:658)
	at org.apache.catalina.core.ApplicationFilterChain.internalDoFilter(ApplicationFilterChain.java:195)
	at org.apache.catalina.core.ApplicationFilterChain.doFilter(ApplicationFilterChain.java:140)
	at org.apache.tomcat.websocket.server.WsFilter.doFilter(WsFilter.java:51)
	at org.apache.catalina.core.ApplicationFilterChain.internalDoFilter(ApplicationFilterChain.java:164)
	at org.apache.catalina.core.ApplicationFilterChain.doFilter(ApplicationFilterChain.java:140)
	at org.springframework.web.filter.RequestContextFilter.doFilterInternal(RequestContextFilter.java:100)
	at org.springframework.web.filter.OncePerRequestFilter.doFilter(OncePerRequestFilter.java:116)
	at org.apache.catalina.core.ApplicationFilterChain.internalDoFilter(ApplicationFilterChain.java:164)
	at org.apache.catalina.core.ApplicationFilterChain.doFilter(ApplicationFilterChain.java:140)
	at org.springframework.web.filter.FormContentFilter.doFilterInternal(FormContentFilter.java:93)
	at org.springframework.web.filter.OncePerRequestFilter.doFilter(OncePerRequestFilter.java:116)
	at org.apache.catalina.core.ApplicationFilterChain.internalDoFilter(ApplicationFilterChain.java:164)
	at org.apache.catalina.core.ApplicationFilterChain.doFilter(ApplicationFilterChain.java:140)
	at org.springframework.web.filter.CharacterEncodingFilter.doFilterInternal(CharacterEncodingFilter.java:201)
	at org.springframework.web.filter.OncePerRequestFilter.doFilter(OncePerRequestFilter.java:116)
	at org.apache.catalina.core.ApplicationFilterChain.internalDoFilter(ApplicationFilterChain.java:164)
	at org.apache.catalina.core.ApplicationFilterChain.doFilter(ApplicationFilterChain.java:140)
	at org.apache.catalina.core.StandardWrapperValve.invoke(StandardWrapperValve.java:167)
	at org.apache.catalina.core.StandardContextValve.invoke(StandardContextValve.java:90)
	at org.apache.catalina.authenticator.AuthenticatorBase.invoke(AuthenticatorBase.java:483)
	at org.apache.catalina.core.StandardHostValve.invoke(StandardHostValve.java:116)
	at org.apache.catalina.valves.ErrorReportValve.invoke(ErrorReportValve.java:93)
	at org.apache.catalina.core.StandardEngineValve.invoke(StandardEngineValve.java:74)
	at org.apache.catalina.connector.CoyoteAdapter.service(CoyoteAdapter.java:344)
	at org.apache.coyote.http11.Http11Processor.service(Http11Processor.java:398)
	at org.apache.coyote.AbstractProcessorLight.process(AbstractProcessorLight.java:63)
	at org.apache.coyote.AbstractProtocol$ConnectionHandler.process(AbstractProtocol.java:903)
	at org.apache.tomcat.util.net.NioEndpoint$SocketProcessor.doRun(NioEndpoint.java:1776)
	at org.apache.tomcat.util.net.SocketProcessorBase.run(SocketProcessorBase.java:52)
	at org.apache.tomcat.util.threads.ThreadPoolExecutor.runWorker(ThreadPoolExecutor.java:975)
	at org.apache.tomcat.util.threads.ThreadPoolExecutor$Worker.run(ThreadPoolExecutor.java:493)
	at org.apache.tomcat.util.threads.TaskThread$WrappingRunnable.run(TaskThread.java:63)
	at java.base/java.lang.Thread.run(Thread.java:1447)
2025-11-24 17:12:05.925 [http-nio-8080-exec-1] ERROR steven.test.project.config.GlobalExceptionHandler:? - [SystemException] 系统异常：
org.springframework.web.servlet.resource.NoResourceFoundException: No static resource api/flightServer/report/reportUavCount.
	at org.springframework.web.servlet.resource.ResourceHttpRequestHandler.handleRequest(ResourceHttpRequestHandler.java:585)
	at org.springframework.web.servlet.mvc.HttpRequestHandlerAdapter.handle(HttpRequestHandlerAdapter.java:52)
	at org.springframework.web.servlet.DispatcherServlet.doDispatch(DispatcherServlet.java:1089)
	at org.springframework.web.servlet.DispatcherServlet.doService(DispatcherServlet.java:979)
	at org.springframework.web.servlet.FrameworkServlet.processRequest(FrameworkServlet.java:1014)
	at org.springframework.web.servlet.FrameworkServlet.doGet(FrameworkServlet.java:903)
	at jakarta.servlet.http.HttpServlet.service(HttpServlet.java:564)
	at org.springframework.web.servlet.FrameworkServlet.service(FrameworkServlet.java:885)
	at jakarta.servlet.http.HttpServlet.service(HttpServlet.java:658)
	at org.apache.catalina.core.ApplicationFilterChain.internalDoFilter(ApplicationFilterChain.java:195)
	at org.apache.catalina.core.ApplicationFilterChain.doFilter(ApplicationFilterChain.java:140)
	at org.apache.tomcat.websocket.server.WsFilter.doFilter(WsFilter.java:51)
	at org.apache.catalina.core.ApplicationFilterChain.internalDoFilter(ApplicationFilterChain.java:164)
	at org.apache.catalina.core.ApplicationFilterChain.doFilter(ApplicationFilterChain.java:140)
	at org.springframework.web.filter.RequestContextFilter.doFilterInternal(RequestContextFilter.java:100)
	at org.springframework.web.filter.OncePerRequestFilter.doFilter(OncePerRequestFilter.java:116)
	at org.apache.catalina.core.ApplicationFilterChain.internalDoFilter(ApplicationFilterChain.java:164)
	at org.apache.catalina.core.ApplicationFilterChain.doFilter(ApplicationFilterChain.java:140)
	at org.springframework.web.filter.FormContentFilter.doFilterInternal(FormContentFilter.java:93)
	at org.springframework.web.filter.OncePerRequestFilter.doFilter(OncePerRequestFilter.java:116)
	at org.apache.catalina.core.ApplicationFilterChain.internalDoFilter(ApplicationFilterChain.java:164)
	at org.apache.catalina.core.ApplicationFilterChain.doFilter(ApplicationFilterChain.java:140)
	at org.springframework.web.filter.CharacterEncodingFilter.doFilterInternal(CharacterEncodingFilter.java:201)
	at org.springframework.web.filter.OncePerRequestFilter.doFilter(OncePerRequestFilter.java:116)
	at org.apache.catalina.core.ApplicationFilterChain.internalDoFilter(ApplicationFilterChain.java:164)
	at org.apache.catalina.core.ApplicationFilterChain.doFilter(ApplicationFilterChain.java:140)
	at org.apache.catalina.core.StandardWrapperValve.invoke(StandardWrapperValve.java:167)
	at org.apache.catalina.core.StandardContextValve.invoke(StandardContextValve.java:90)
	at org.apache.catalina.authenticator.AuthenticatorBase.invoke(AuthenticatorBase.java:483)
	at org.apache.catalina.core.StandardHostValve.invoke(StandardHostValve.java:116)
	at org.apache.catalina.valves.ErrorReportValve.invoke(ErrorReportValve.java:93)
	at org.apache.catalina.core.StandardEngineValve.invoke(StandardEngineValve.java:74)
	at org.apache.catalina.connector.CoyoteAdapter.service(CoyoteAdapter.java:344)
	at org.apache.coyote.http11.Http11Processor.service(Http11Processor.java:398)
	at org.apache.coyote.AbstractProcessorLight.process(AbstractProcessorLight.java:63)
	at org.apache.coyote.AbstractProtocol$ConnectionHandler.process(AbstractProtocol.java:903)
	at org.apache.tomcat.util.net.NioEndpoint$SocketProcessor.doRun(NioEndpoint.java:1776)
	at org.apache.tomcat.util.net.SocketProcessorBase.run(SocketProcessorBase.java:52)
	at org.apache.tomcat.util.threads.ThreadPoolExecutor.runWorker(ThreadPoolExecutor.java:975)
	at org.apache.tomcat.util.threads.ThreadPoolExecutor$Worker.run(ThreadPoolExecutor.java:493)
	at org.apache.tomcat.util.threads.TaskThread$WrappingRunnable.run(TaskThread.java:63)
	at java.base/java.lang.Thread.run(Thread.java:1447)
2025-11-24 17:12:05.925 [http-nio-8080-exec-2] ERROR steven.test.project.config.GlobalExceptionHandler:? - [SystemException] 系统异常：
org.springframework.web.servlet.resource.NoResourceFoundException: No static resource api/flightServer/report/reportUavFlightTimes.
	at org.springframework.web.servlet.resource.ResourceHttpRequestHandler.handleRequest(ResourceHttpRequestHandler.java:585)
	at org.springframework.web.servlet.mvc.HttpRequestHandlerAdapter.handle(HttpRequestHandlerAdapter.java:52)
	at org.springframework.web.servlet.DispatcherServlet.doDispatch(DispatcherServlet.java:1089)
	at org.springframework.web.servlet.DispatcherServlet.doService(DispatcherServlet.java:979)
	at org.springframework.web.servlet.FrameworkServlet.processRequest(FrameworkServlet.java:1014)
	at org.springframework.web.servlet.FrameworkServlet.doGet(FrameworkServlet.java:903)
	at jakarta.servlet.http.HttpServlet.service(HttpServlet.java:564)
	at org.springframework.web.servlet.FrameworkServlet.service(FrameworkServlet.java:885)
	at jakarta.servlet.http.HttpServlet.service(HttpServlet.java:658)
	at org.apache.catalina.core.ApplicationFilterChain.internalDoFilter(ApplicationFilterChain.java:195)
	at org.apache.catalina.core.ApplicationFilterChain.doFilter(ApplicationFilterChain.java:140)
	at org.apache.tomcat.websocket.server.WsFilter.doFilter(WsFilter.java:51)
	at org.apache.catalina.core.ApplicationFilterChain.internalDoFilter(ApplicationFilterChain.java:164)
	at org.apache.catalina.core.ApplicationFilterChain.doFilter(ApplicationFilterChain.java:140)
	at org.springframework.web.filter.RequestContextFilter.doFilterInternal(RequestContextFilter.java:100)
	at org.springframework.web.filter.OncePerRequestFilter.doFilter(OncePerRequestFilter.java:116)
	at org.apache.catalina.core.ApplicationFilterChain.internalDoFilter(ApplicationFilterChain.java:164)
	at org.apache.catalina.core.ApplicationFilterChain.doFilter(ApplicationFilterChain.java:140)
	at org.springframework.web.filter.FormContentFilter.doFilterInternal(FormContentFilter.java:93)
	at org.springframework.web.filter.OncePerRequestFilter.doFilter(OncePerRequestFilter.java:116)
	at org.apache.catalina.core.ApplicationFilterChain.internalDoFilter(ApplicationFilterChain.java:164)
	at org.apache.catalina.core.ApplicationFilterChain.doFilter(ApplicationFilterChain.java:140)
	at org.springframework.web.filter.CharacterEncodingFilter.doFilterInternal(CharacterEncodingFilter.java:201)
	at org.springframework.web.filter.OncePerRequestFilter.doFilter(OncePerRequestFilter.java:116)
	at org.apache.catalina.core.ApplicationFilterChain.internalDoFilter(ApplicationFilterChain.java:164)
	at org.apache.catalina.core.ApplicationFilterChain.doFilter(ApplicationFilterChain.java:140)
	at org.apache.catalina.core.StandardWrapperValve.invoke(StandardWrapperValve.java:167)
	at org.apache.catalina.core.StandardContextValve.invoke(StandardContextValve.java:90)
	at org.apache.catalina.authenticator.AuthenticatorBase.invoke(AuthenticatorBase.java:483)
	at org.apache.catalina.core.StandardHostValve.invoke(StandardHostValve.java:116)
	at org.apache.catalina.valves.ErrorReportValve.invoke(ErrorReportValve.java:93)
	at org.apache.catalina.core.StandardEngineValve.invoke(StandardEngineValve.java:74)
	at org.apache.catalina.connector.CoyoteAdapter.service(CoyoteAdapter.java:344)
	at org.apache.coyote.http11.Http11Processor.service(Http11Processor.java:398)
	at org.apache.coyote.AbstractProcessorLight.process(AbstractProcessorLight.java:63)
	at org.apache.coyote.AbstractProtocol$ConnectionHandler.process(AbstractProtocol.java:903)
	at org.apache.tomcat.util.net.NioEndpoint$SocketProcessor.doRun(NioEndpoint.java:1776)
	at org.apache.tomcat.util.net.SocketProcessorBase.run(SocketProcessorBase.java:52)
	at org.apache.tomcat.util.threads.ThreadPoolExecutor.runWorker(ThreadPoolExecutor.java:975)
	at org.apache.tomcat.util.threads.ThreadPoolExecutor$Worker.run(ThreadPoolExecutor.java:493)
	at org.apache.tomcat.util.threads.TaskThread$WrappingRunnable.run(TaskThread.java:63)
	at java.base/java.lang.Thread.run(Thread.java:1447)
2025-11-24 17:13:05.837 [http-nio-8080-exec-6] ERROR steven.test.project.config.GlobalExceptionHandler:? - [SystemException] 系统异常：
org.springframework.web.servlet.resource.NoResourceFoundException: No static resource api/flightServer/report/reportUavFlightTimes.
	at org.springframework.web.servlet.resource.ResourceHttpRequestHandler.handleRequest(ResourceHttpRequestHandler.java:585)
	at org.springframework.web.servlet.mvc.HttpRequestHandlerAdapter.handle(HttpRequestHandlerAdapter.java:52)
	at org.springframework.web.servlet.DispatcherServlet.doDispatch(DispatcherServlet.java:1089)
	at org.springframework.web.servlet.DispatcherServlet.doService(DispatcherServlet.java:979)
	at org.springframework.web.servlet.FrameworkServlet.processRequest(FrameworkServlet.java:1014)
	at org.springframework.web.servlet.FrameworkServlet.doGet(FrameworkServlet.java:903)
	at jakarta.servlet.http.HttpServlet.service(HttpServlet.java:564)
	at org.springframework.web.servlet.FrameworkServlet.service(FrameworkServlet.java:885)
	at jakarta.servlet.http.HttpServlet.service(HttpServlet.java:658)
	at org.apache.catalina.core.ApplicationFilterChain.internalDoFilter(ApplicationFilterChain.java:195)
	at org.apache.catalina.core.ApplicationFilterChain.doFilter(ApplicationFilterChain.java:140)
	at org.apache.tomcat.websocket.server.WsFilter.doFilter(WsFilter.java:51)
	at org.apache.catalina.core.ApplicationFilterChain.internalDoFilter(ApplicationFilterChain.java:164)
	at org.apache.catalina.core.ApplicationFilterChain.doFilter(ApplicationFilterChain.java:140)
	at org.springframework.web.filter.RequestContextFilter.doFilterInternal(RequestContextFilter.java:100)
	at org.springframework.web.filter.OncePerRequestFilter.doFilter(OncePerRequestFilter.java:116)
	at org.apache.catalina.core.ApplicationFilterChain.internalDoFilter(ApplicationFilterChain.java:164)
	at org.apache.catalina.core.ApplicationFilterChain.doFilter(ApplicationFilterChain.java:140)
	at org.springframework.web.filter.FormContentFilter.doFilterInternal(FormContentFilter.java:93)
	at org.springframework.web.filter.OncePerRequestFilter.doFilter(OncePerRequestFilter.java:116)
	at org.apache.catalina.core.ApplicationFilterChain.internalDoFilter(ApplicationFilterChain.java:164)
	at org.apache.catalina.core.ApplicationFilterChain.doFilter(ApplicationFilterChain.java:140)
	at org.springframework.web.filter.CharacterEncodingFilter.doFilterInternal(CharacterEncodingFilter.java:201)
	at org.springframework.web.filter.OncePerRequestFilter.doFilter(OncePerRequestFilter.java:116)
	at org.apache.catalina.core.ApplicationFilterChain.internalDoFilter(ApplicationFilterChain.java:164)
	at org.apache.catalina.core.ApplicationFilterChain.doFilter(ApplicationFilterChain.java:140)
	at org.apache.catalina.core.StandardWrapperValve.invoke(StandardWrapperValve.java:167)
	at org.apache.catalina.core.StandardContextValve.invoke(StandardContextValve.java:90)
	at org.apache.catalina.authenticator.AuthenticatorBase.invoke(AuthenticatorBase.java:483)
	at org.apache.catalina.core.StandardHostValve.invoke(StandardHostValve.java:116)
	at org.apache.catalina.valves.ErrorReportValve.invoke(ErrorReportValve.java:93)
	at org.apache.catalina.core.StandardEngineValve.invoke(StandardEngineValve.java:74)
	at org.apache.catalina.connector.CoyoteAdapter.service(CoyoteAdapter.java:344)
	at org.apache.coyote.http11.Http11Processor.service(Http11Processor.java:398)
	at org.apache.coyote.AbstractProcessorLight.process(AbstractProcessorLight.java:63)
	at org.apache.coyote.AbstractProtocol$ConnectionHandler.process(AbstractProtocol.java:903)
	at org.apache.tomcat.util.net.NioEndpoint$SocketProcessor.doRun(NioEndpoint.java:1776)
	at org.apache.tomcat.util.net.SocketProcessorBase.run(SocketProcessorBase.java:52)
	at org.apache.tomcat.util.threads.ThreadPoolExecutor.runWorker(ThreadPoolExecutor.java:975)
	at org.apache.tomcat.util.threads.ThreadPoolExecutor$Worker.run(ThreadPoolExecutor.java:493)
	at org.apache.tomcat.util.threads.TaskThread$WrappingRunnable.run(TaskThread.java:63)
	at java.base/java.lang.Thread.run(Thread.java:1447)
2025-11-24 17:13:05.837 [http-nio-8080-exec-4] ERROR steven.test.project.config.GlobalExceptionHandler:? - [SystemException] 系统异常：
org.springframework.web.servlet.resource.NoResourceFoundException: No static resource api/flightServer/report/reportUavCount.
	at org.springframework.web.servlet.resource.ResourceHttpRequestHandler.handleRequest(ResourceHttpRequestHandler.java:585)
	at org.springframework.web.servlet.mvc.HttpRequestHandlerAdapter.handle(HttpRequestHandlerAdapter.java:52)
	at org.springframework.web.servlet.DispatcherServlet.doDispatch(DispatcherServlet.java:1089)
	at org.springframework.web.servlet.DispatcherServlet.doService(DispatcherServlet.java:979)
	at org.springframework.web.servlet.FrameworkServlet.processRequest(FrameworkServlet.java:1014)
	at org.springframework.web.servlet.FrameworkServlet.doGet(FrameworkServlet.java:903)
	at jakarta.servlet.http.HttpServlet.service(HttpServlet.java:564)
	at org.springframework.web.servlet.FrameworkServlet.service(FrameworkServlet.java:885)
	at jakarta.servlet.http.HttpServlet.service(HttpServlet.java:658)
	at org.apache.catalina.core.ApplicationFilterChain.internalDoFilter(ApplicationFilterChain.java:195)
	at org.apache.catalina.core.ApplicationFilterChain.doFilter(ApplicationFilterChain.java:140)
	at org.apache.tomcat.websocket.server.WsFilter.doFilter(WsFilter.java:51)
	at org.apache.catalina.core.ApplicationFilterChain.internalDoFilter(ApplicationFilterChain.java:164)
	at org.apache.catalina.core.ApplicationFilterChain.doFilter(ApplicationFilterChain.java:140)
	at org.springframework.web.filter.RequestContextFilter.doFilterInternal(RequestContextFilter.java:100)
	at org.springframework.web.filter.OncePerRequestFilter.doFilter(OncePerRequestFilter.java:116)
	at org.apache.catalina.core.ApplicationFilterChain.internalDoFilter(ApplicationFilterChain.java:164)
	at org.apache.catalina.core.ApplicationFilterChain.doFilter(ApplicationFilterChain.java:140)
	at org.springframework.web.filter.FormContentFilter.doFilterInternal(FormContentFilter.java:93)
	at org.springframework.web.filter.OncePerRequestFilter.doFilter(OncePerRequestFilter.java:116)
	at org.apache.catalina.core.ApplicationFilterChain.internalDoFilter(ApplicationFilterChain.java:164)
	at org.apache.catalina.core.ApplicationFilterChain.doFilter(ApplicationFilterChain.java:140)
	at org.springframework.web.filter.CharacterEncodingFilter.doFilterInternal(CharacterEncodingFilter.java:201)
	at org.springframework.web.filter.OncePerRequestFilter.doFilter(OncePerRequestFilter.java:116)
	at org.apache.catalina.core.ApplicationFilterChain.internalDoFilter(ApplicationFilterChain.java:164)
	at org.apache.catalina.core.ApplicationFilterChain.doFilter(ApplicationFilterChain.java:140)
	at org.apache.catalina.core.StandardWrapperValve.invoke(StandardWrapperValve.java:167)
	at org.apache.catalina.core.StandardContextValve.invoke(StandardContextValve.java:90)
	at org.apache.catalina.authenticator.AuthenticatorBase.invoke(AuthenticatorBase.java:483)
	at org.apache.catalina.core.StandardHostValve.invoke(StandardHostValve.java:116)
	at org.apache.catalina.valves.ErrorReportValve.invoke(ErrorReportValve.java:93)
	at org.apache.catalina.core.StandardEngineValve.invoke(StandardEngineValve.java:74)
	at org.apache.catalina.connector.CoyoteAdapter.service(CoyoteAdapter.java:344)
	at org.apache.coyote.http11.Http11Processor.service(Http11Processor.java:398)
	at org.apache.coyote.AbstractProcessorLight.process(AbstractProcessorLight.java:63)
	at org.apache.coyote.AbstractProtocol$ConnectionHandler.process(AbstractProtocol.java:903)
	at org.apache.tomcat.util.net.NioEndpoint$SocketProcessor.doRun(NioEndpoint.java:1776)
	at org.apache.tomcat.util.net.SocketProcessorBase.run(SocketProcessorBase.java:52)
	at org.apache.tomcat.util.threads.ThreadPoolExecutor.runWorker(ThreadPoolExecutor.java:975)
	at org.apache.tomcat.util.threads.ThreadPoolExecutor$Worker.run(ThreadPoolExecutor.java:493)
	at org.apache.tomcat.util.threads.TaskThread$WrappingRunnable.run(TaskThread.java:63)
	at java.base/java.lang.Thread.run(Thread.java:1447)
2025-11-24 17:13:05.837 [http-nio-8080-exec-5] ERROR steven.test.project.config.GlobalExceptionHandler:? - [SystemException] 系统异常：
org.springframework.web.servlet.resource.NoResourceFoundException: No static resource api/flightServer/report/reportBrand.
	at org.springframework.web.servlet.resource.ResourceHttpRequestHandler.handleRequest(ResourceHttpRequestHandler.java:585)
	at org.springframework.web.servlet.mvc.HttpRequestHandlerAdapter.handle(HttpRequestHandlerAdapter.java:52)
	at org.springframework.web.servlet.DispatcherServlet.doDispatch(DispatcherServlet.java:1089)
	at org.springframework.web.servlet.DispatcherServlet.doService(DispatcherServlet.java:979)
	at org.springframework.web.servlet.FrameworkServlet.processRequest(FrameworkServlet.java:1014)
	at org.springframework.web.servlet.FrameworkServlet.doGet(FrameworkServlet.java:903)
	at jakarta.servlet.http.HttpServlet.service(HttpServlet.java:564)
	at org.springframework.web.servlet.FrameworkServlet.service(FrameworkServlet.java:885)
	at jakarta.servlet.http.HttpServlet.service(HttpServlet.java:658)
	at org.apache.catalina.core.ApplicationFilterChain.internalDoFilter(ApplicationFilterChain.java:195)
	at org.apache.catalina.core.ApplicationFilterChain.doFilter(ApplicationFilterChain.java:140)
	at org.apache.tomcat.websocket.server.WsFilter.doFilter(WsFilter.java:51)
	at org.apache.catalina.core.ApplicationFilterChain.internalDoFilter(ApplicationFilterChain.java:164)
	at org.apache.catalina.core.ApplicationFilterChain.doFilter(ApplicationFilterChain.java:140)
	at org.springframework.web.filter.RequestContextFilter.doFilterInternal(RequestContextFilter.java:100)
	at org.springframework.web.filter.OncePerRequestFilter.doFilter(OncePerRequestFilter.java:116)
	at org.apache.catalina.core.ApplicationFilterChain.internalDoFilter(ApplicationFilterChain.java:164)
	at org.apache.catalina.core.ApplicationFilterChain.doFilter(ApplicationFilterChain.java:140)
	at org.springframework.web.filter.FormContentFilter.doFilterInternal(FormContentFilter.java:93)
	at org.springframework.web.filter.OncePerRequestFilter.doFilter(OncePerRequestFilter.java:116)
	at org.apache.catalina.core.ApplicationFilterChain.internalDoFilter(ApplicationFilterChain.java:164)
	at org.apache.catalina.core.ApplicationFilterChain.doFilter(ApplicationFilterChain.java:140)
	at org.springframework.web.filter.CharacterEncodingFilter.doFilterInternal(CharacterEncodingFilter.java:201)
	at org.springframework.web.filter.OncePerRequestFilter.doFilter(OncePerRequestFilter.java:116)
	at org.apache.catalina.core.ApplicationFilterChain.internalDoFilter(ApplicationFilterChain.java:164)
	at org.apache.catalina.core.ApplicationFilterChain.doFilter(ApplicationFilterChain.java:140)
	at org.apache.catalina.core.StandardWrapperValve.invoke(StandardWrapperValve.java:167)
	at org.apache.catalina.core.StandardContextValve.invoke(StandardContextValve.java:90)
	at org.apache.catalina.authenticator.AuthenticatorBase.invoke(AuthenticatorBase.java:483)
	at org.apache.catalina.core.StandardHostValve.invoke(StandardHostValve.java:116)
	at org.apache.catalina.valves.ErrorReportValve.invoke(ErrorReportValve.java:93)
	at org.apache.catalina.core.StandardEngineValve.invoke(StandardEngineValve.java:74)
	at org.apache.catalina.connector.CoyoteAdapter.service(CoyoteAdapter.java:344)
	at org.apache.coyote.http11.Http11Processor.service(Http11Processor.java:398)
	at org.apache.coyote.AbstractProcessorLight.process(AbstractProcessorLight.java:63)
	at org.apache.coyote.AbstractProtocol$ConnectionHandler.process(AbstractProtocol.java:903)
	at org.apache.tomcat.util.net.NioEndpoint$SocketProcessor.doRun(NioEndpoint.java:1776)
	at org.apache.tomcat.util.net.SocketProcessorBase.run(SocketProcessorBase.java:52)
	at org.apache.tomcat.util.threads.ThreadPoolExecutor.runWorker(ThreadPoolExecutor.java:975)
	at org.apache.tomcat.util.threads.ThreadPoolExecutor$Worker.run(ThreadPoolExecutor.java:493)
	at org.apache.tomcat.util.threads.TaskThread$WrappingRunnable.run(TaskThread.java:63)
	at java.base/java.lang.Thread.run(Thread.java:1447)
2025-11-24 17:14:05.836 [http-nio-8080-exec-9] ERROR steven.test.project.config.GlobalExceptionHandler:? - [SystemException] 系统异常：
org.springframework.web.servlet.resource.NoResourceFoundException: No static resource api/flightServer/report/reportUavFlightTimes.
	at org.springframework.web.servlet.resource.ResourceHttpRequestHandler.handleRequest(ResourceHttpRequestHandler.java:585)
	at org.springframework.web.servlet.mvc.HttpRequestHandlerAdapter.handle(HttpRequestHandlerAdapter.java:52)
	at org.springframework.web.servlet.DispatcherServlet.doDispatch(DispatcherServlet.java:1089)
	at org.springframework.web.servlet.DispatcherServlet.doService(DispatcherServlet.java:979)
	at org.springframework.web.servlet.FrameworkServlet.processRequest(FrameworkServlet.java:1014)
	at org.springframework.web.servlet.FrameworkServlet.doGet(FrameworkServlet.java:903)
	at jakarta.servlet.http.HttpServlet.service(HttpServlet.java:564)
	at org.springframework.web.servlet.FrameworkServlet.service(FrameworkServlet.java:885)
	at jakarta.servlet.http.HttpServlet.service(HttpServlet.java:658)
	at org.apache.catalina.core.ApplicationFilterChain.internalDoFilter(ApplicationFilterChain.java:195)
	at org.apache.catalina.core.ApplicationFilterChain.doFilter(ApplicationFilterChain.java:140)
	at org.apache.tomcat.websocket.server.WsFilter.doFilter(WsFilter.java:51)
	at org.apache.catalina.core.ApplicationFilterChain.internalDoFilter(ApplicationFilterChain.java:164)
	at org.apache.catalina.core.ApplicationFilterChain.doFilter(ApplicationFilterChain.java:140)
	at org.springframework.web.filter.RequestContextFilter.doFilterInternal(RequestContextFilter.java:100)
	at org.springframework.web.filter.OncePerRequestFilter.doFilter(OncePerRequestFilter.java:116)
	at org.apache.catalina.core.ApplicationFilterChain.internalDoFilter(ApplicationFilterChain.java:164)
	at org.apache.catalina.core.ApplicationFilterChain.doFilter(ApplicationFilterChain.java:140)
	at org.springframework.web.filter.FormContentFilter.doFilterInternal(FormContentFilter.java:93)
	at org.springframework.web.filter.OncePerRequestFilter.doFilter(OncePerRequestFilter.java:116)
	at org.apache.catalina.core.ApplicationFilterChain.internalDoFilter(ApplicationFilterChain.java:164)
	at org.apache.catalina.core.ApplicationFilterChain.doFilter(ApplicationFilterChain.java:140)
	at org.springframework.web.filter.CharacterEncodingFilter.doFilterInternal(CharacterEncodingFilter.java:201)
	at org.springframework.web.filter.OncePerRequestFilter.doFilter(OncePerRequestFilter.java:116)
	at org.apache.catalina.core.ApplicationFilterChain.internalDoFilter(ApplicationFilterChain.java:164)
	at org.apache.catalina.core.ApplicationFilterChain.doFilter(ApplicationFilterChain.java:140)
	at org.apache.catalina.core.StandardWrapperValve.invoke(StandardWrapperValve.java:167)
	at org.apache.catalina.core.StandardContextValve.invoke(StandardContextValve.java:90)
	at org.apache.catalina.authenticator.AuthenticatorBase.invoke(AuthenticatorBase.java:483)
	at org.apache.catalina.core.StandardHostValve.invoke(StandardHostValve.java:116)
	at org.apache.catalina.valves.ErrorReportValve.invoke(ErrorReportValve.java:93)
	at org.apache.catalina.core.StandardEngineValve.invoke(StandardEngineValve.java:74)
	at org.apache.catalina.connector.CoyoteAdapter.service(CoyoteAdapter.java:344)
	at org.apache.coyote.http11.Http11Processor.service(Http11Processor.java:398)
	at org.apache.coyote.AbstractProcessorLight.process(AbstractProcessorLight.java:63)
	at org.apache.coyote.AbstractProtocol$ConnectionHandler.process(AbstractProtocol.java:903)
	at org.apache.tomcat.util.net.NioEndpoint$SocketProcessor.doRun(NioEndpoint.java:1776)
	at org.apache.tomcat.util.net.SocketProcessorBase.run(SocketProcessorBase.java:52)
	at org.apache.tomcat.util.threads.ThreadPoolExecutor.runWorker(ThreadPoolExecutor.java:975)
	at org.apache.tomcat.util.threads.ThreadPoolExecutor$Worker.run(ThreadPoolExecutor.java:493)
	at org.apache.tomcat.util.threads.TaskThread$WrappingRunnable.run(TaskThread.java:63)
	at java.base/java.lang.Thread.run(Thread.java:1447)
2025-11-24 17:14:05.836 [http-nio-8080-exec-7] ERROR steven.test.project.config.GlobalExceptionHandler:? - [SystemException] 系统异常：
org.springframework.web.servlet.resource.NoResourceFoundException: No static resource api/flightServer/report/reportUavCount.
	at org.springframework.web.servlet.resource.ResourceHttpRequestHandler.handleRequest(ResourceHttpRequestHandler.java:585)
	at org.springframework.web.servlet.mvc.HttpRequestHandlerAdapter.handle(HttpRequestHandlerAdapter.java:52)
	at org.springframework.web.servlet.DispatcherServlet.doDispatch(DispatcherServlet.java:1089)
	at org.springframework.web.servlet.DispatcherServlet.doService(DispatcherServlet.java:979)
	at org.springframework.web.servlet.FrameworkServlet.processRequest(FrameworkServlet.java:1014)
	at org.springframework.web.servlet.FrameworkServlet.doGet(FrameworkServlet.java:903)
	at jakarta.servlet.http.HttpServlet.service(HttpServlet.java:564)
	at org.springframework.web.servlet.FrameworkServlet.service(FrameworkServlet.java:885)
	at jakarta.servlet.http.HttpServlet.service(HttpServlet.java:658)
	at org.apache.catalina.core.ApplicationFilterChain.internalDoFilter(ApplicationFilterChain.java:195)
	at org.apache.catalina.core.ApplicationFilterChain.doFilter(ApplicationFilterChain.java:140)
	at org.apache.tomcat.websocket.server.WsFilter.doFilter(WsFilter.java:51)
	at org.apache.catalina.core.ApplicationFilterChain.internalDoFilter(ApplicationFilterChain.java:164)
	at org.apache.catalina.core.ApplicationFilterChain.doFilter(ApplicationFilterChain.java:140)
	at org.springframework.web.filter.RequestContextFilter.doFilterInternal(RequestContextFilter.java:100)
	at org.springframework.web.filter.OncePerRequestFilter.doFilter(OncePerRequestFilter.java:116)
	at org.apache.catalina.core.ApplicationFilterChain.internalDoFilter(ApplicationFilterChain.java:164)
	at org.apache.catalina.core.ApplicationFilterChain.doFilter(ApplicationFilterChain.java:140)
	at org.springframework.web.filter.FormContentFilter.doFilterInternal(FormContentFilter.java:93)
	at org.springframework.web.filter.OncePerRequestFilter.doFilter(OncePerRequestFilter.java:116)
	at org.apache.catalina.core.ApplicationFilterChain.internalDoFilter(ApplicationFilterChain.java:164)
	at org.apache.catalina.core.ApplicationFilterChain.doFilter(ApplicationFilterChain.java:140)
	at org.springframework.web.filter.CharacterEncodingFilter.doFilterInternal(CharacterEncodingFilter.java:201)
	at org.springframework.web.filter.OncePerRequestFilter.doFilter(OncePerRequestFilter.java:116)
	at org.apache.catalina.core.ApplicationFilterChain.internalDoFilter(ApplicationFilterChain.java:164)
	at org.apache.catalina.core.ApplicationFilterChain.doFilter(ApplicationFilterChain.java:140)
	at org.apache.catalina.core.StandardWrapperValve.invoke(StandardWrapperValve.java:167)
	at org.apache.catalina.core.StandardContextValve.invoke(StandardContextValve.java:90)
	at org.apache.catalina.authenticator.AuthenticatorBase.invoke(AuthenticatorBase.java:483)
	at org.apache.catalina.core.StandardHostValve.invoke(StandardHostValve.java:116)
	at org.apache.catalina.valves.ErrorReportValve.invoke(ErrorReportValve.java:93)
	at org.apache.catalina.core.StandardEngineValve.invoke(StandardEngineValve.java:74)
	at org.apache.catalina.connector.CoyoteAdapter.service(CoyoteAdapter.java:344)
	at org.apache.coyote.http11.Http11Processor.service(Http11Processor.java:398)
	at org.apache.coyote.AbstractProcessorLight.process(AbstractProcessorLight.java:63)
	at org.apache.coyote.AbstractProtocol$ConnectionHandler.process(AbstractProtocol.java:903)
	at org.apache.tomcat.util.net.NioEndpoint$SocketProcessor.doRun(NioEndpoint.java:1776)
	at org.apache.tomcat.util.net.SocketProcessorBase.run(SocketProcessorBase.java:52)
	at org.apache.tomcat.util.threads.ThreadPoolExecutor.runWorker(ThreadPoolExecutor.java:975)
	at org.apache.tomcat.util.threads.ThreadPoolExecutor$Worker.run(ThreadPoolExecutor.java:493)
	at org.apache.tomcat.util.threads.TaskThread$WrappingRunnable.run(TaskThread.java:63)
	at java.base/java.lang.Thread.run(Thread.java:1447)
2025-11-24 17:14:05.836 [http-nio-8080-exec-8] ERROR steven.test.project.config.GlobalExceptionHandler:? - [SystemException] 系统异常：
org.springframework.web.servlet.resource.NoResourceFoundException: No static resource api/flightServer/report/reportBrand.
	at org.springframework.web.servlet.resource.ResourceHttpRequestHandler.handleRequest(ResourceHttpRequestHandler.java:585)
	at org.springframework.web.servlet.mvc.HttpRequestHandlerAdapter.handle(HttpRequestHandlerAdapter.java:52)
	at org.springframework.web.servlet.DispatcherServlet.doDispatch(DispatcherServlet.java:1089)
	at org.springframework.web.servlet.DispatcherServlet.doService(DispatcherServlet.java:979)
	at org.springframework.web.servlet.FrameworkServlet.processRequest(FrameworkServlet.java:1014)
	at org.springframework.web.servlet.FrameworkServlet.doGet(FrameworkServlet.java:903)
	at jakarta.servlet.http.HttpServlet.service(HttpServlet.java:564)
	at org.springframework.web.servlet.FrameworkServlet.service(FrameworkServlet.java:885)
	at jakarta.servlet.http.HttpServlet.service(HttpServlet.java:658)
	at org.apache.catalina.core.ApplicationFilterChain.internalDoFilter(ApplicationFilterChain.java:195)
	at org.apache.catalina.core.ApplicationFilterChain.doFilter(ApplicationFilterChain.java:140)
	at org.apache.tomcat.websocket.server.WsFilter.doFilter(WsFilter.java:51)
	at org.apache.catalina.core.ApplicationFilterChain.internalDoFilter(ApplicationFilterChain.java:164)
	at org.apache.catalina.core.ApplicationFilterChain.doFilter(ApplicationFilterChain.java:140)
	at org.springframework.web.filter.RequestContextFilter.doFilterInternal(RequestContextFilter.java:100)
	at org.springframework.web.filter.OncePerRequestFilter.doFilter(OncePerRequestFilter.java:116)
	at org.apache.catalina.core.ApplicationFilterChain.internalDoFilter(ApplicationFilterChain.java:164)
	at org.apache.catalina.core.ApplicationFilterChain.doFilter(ApplicationFilterChain.java:140)
	at org.springframework.web.filter.FormContentFilter.doFilterInternal(FormContentFilter.java:93)
	at org.springframework.web.filter.OncePerRequestFilter.doFilter(OncePerRequestFilter.java:116)
	at org.apache.catalina.core.ApplicationFilterChain.internalDoFilter(ApplicationFilterChain.java:164)
	at org.apache.catalina.core.ApplicationFilterChain.doFilter(ApplicationFilterChain.java:140)
	at org.springframework.web.filter.CharacterEncodingFilter.doFilterInternal(CharacterEncodingFilter.java:201)
	at org.springframework.web.filter.OncePerRequestFilter.doFilter(OncePerRequestFilter.java:116)
	at org.apache.catalina.core.ApplicationFilterChain.internalDoFilter(ApplicationFilterChain.java:164)
	at org.apache.catalina.core.ApplicationFilterChain.doFilter(ApplicationFilterChain.java:140)
	at org.apache.catalina.core.StandardWrapperValve.invoke(StandardWrapperValve.java:167)
	at org.apache.catalina.core.StandardContextValve.invoke(StandardContextValve.java:90)
	at org.apache.catalina.authenticator.AuthenticatorBase.invoke(AuthenticatorBase.java:483)
	at org.apache.catalina.core.StandardHostValve.invoke(StandardHostValve.java:116)
	at org.apache.catalina.valves.ErrorReportValve.invoke(ErrorReportValve.java:93)
	at org.apache.catalina.core.StandardEngineValve.invoke(StandardEngineValve.java:74)
	at org.apache.catalina.connector.CoyoteAdapter.service(CoyoteAdapter.java:344)
	at org.apache.coyote.http11.Http11Processor.service(Http11Processor.java:398)
	at org.apache.coyote.AbstractProcessorLight.process(AbstractProcessorLight.java:63)
	at org.apache.coyote.AbstractProtocol$ConnectionHandler.process(AbstractProtocol.java:903)
	at org.apache.tomcat.util.net.NioEndpoint$SocketProcessor.doRun(NioEndpoint.java:1776)
	at org.apache.tomcat.util.net.SocketProcessorBase.run(SocketProcessorBase.java:52)
	at org.apache.tomcat.util.threads.ThreadPoolExecutor.runWorker(ThreadPoolExecutor.java:975)
	at org.apache.tomcat.util.threads.ThreadPoolExecutor$Worker.run(ThreadPoolExecutor.java:493)
	at org.apache.tomcat.util.threads.TaskThread$WrappingRunnable.run(TaskThread.java:63)
	at java.base/java.lang.Thread.run(Thread.java:1447)
2025-11-24 17:14:29.559 [http-nio-8080-exec-10] ERROR steven.test.project.config.GlobalExceptionHandler:? - [SystemException] 系统异常：
org.springframework.web.servlet.resource.NoResourceFoundException: No static resource api/stationServer/typeCode/droneTypeCodeBySn.
	at org.springframework.web.servlet.resource.ResourceHttpRequestHandler.handleRequest(ResourceHttpRequestHandler.java:585)
	at org.springframework.web.servlet.mvc.HttpRequestHandlerAdapter.handle(HttpRequestHandlerAdapter.java:52)
	at org.springframework.web.servlet.DispatcherServlet.doDispatch(DispatcherServlet.java:1089)
	at org.springframework.web.servlet.DispatcherServlet.doService(DispatcherServlet.java:979)
	at org.springframework.web.servlet.FrameworkServlet.processRequest(FrameworkServlet.java:1014)
	at org.springframework.web.servlet.FrameworkServlet.doPost(FrameworkServlet.java:914)
	at jakarta.servlet.http.HttpServlet.service(HttpServlet.java:590)
	at org.springframework.web.servlet.FrameworkServlet.service(FrameworkServlet.java:885)
	at jakarta.servlet.http.HttpServlet.service(HttpServlet.java:658)
	at org.apache.catalina.core.ApplicationFilterChain.internalDoFilter(ApplicationFilterChain.java:195)
	at org.apache.catalina.core.ApplicationFilterChain.doFilter(ApplicationFilterChain.java:140)
	at org.apache.tomcat.websocket.server.WsFilter.doFilter(WsFilter.java:51)
	at org.apache.catalina.core.ApplicationFilterChain.internalDoFilter(ApplicationFilterChain.java:164)
	at org.apache.catalina.core.ApplicationFilterChain.doFilter(ApplicationFilterChain.java:140)
	at org.springframework.web.filter.RequestContextFilter.doFilterInternal(RequestContextFilter.java:100)
	at org.springframework.web.filter.OncePerRequestFilter.doFilter(OncePerRequestFilter.java:116)
	at org.apache.catalina.core.ApplicationFilterChain.internalDoFilter(ApplicationFilterChain.java:164)
	at org.apache.catalina.core.ApplicationFilterChain.doFilter(ApplicationFilterChain.java:140)
	at org.springframework.web.filter.FormContentFilter.doFilterInternal(FormContentFilter.java:93)
	at org.springframework.web.filter.OncePerRequestFilter.doFilter(OncePerRequestFilter.java:116)
	at org.apache.catalina.core.ApplicationFilterChain.internalDoFilter(ApplicationFilterChain.java:164)
	at org.apache.catalina.core.ApplicationFilterChain.doFilter(ApplicationFilterChain.java:140)
	at org.springframework.web.filter.CharacterEncodingFilter.doFilterInternal(CharacterEncodingFilter.java:201)
	at org.springframework.web.filter.OncePerRequestFilter.doFilter(OncePerRequestFilter.java:116)
	at org.apache.catalina.core.ApplicationFilterChain.internalDoFilter(ApplicationFilterChain.java:164)
	at org.apache.catalina.core.ApplicationFilterChain.doFilter(ApplicationFilterChain.java:140)
	at org.apache.catalina.core.StandardWrapperValve.invoke(StandardWrapperValve.java:167)
	at org.apache.catalina.core.StandardContextValve.invoke(StandardContextValve.java:90)
	at org.apache.catalina.authenticator.AuthenticatorBase.invoke(AuthenticatorBase.java:483)
	at org.apache.catalina.core.StandardHostValve.invoke(StandardHostValve.java:116)
	at org.apache.catalina.valves.ErrorReportValve.invoke(ErrorReportValve.java:93)
	at org.apache.catalina.core.StandardEngineValve.invoke(StandardEngineValve.java:74)
	at org.apache.catalina.connector.CoyoteAdapter.service(CoyoteAdapter.java:344)
	at org.apache.coyote.http11.Http11Processor.service(Http11Processor.java:398)
	at org.apache.coyote.AbstractProcessorLight.process(AbstractProcessorLight.java:63)
	at org.apache.coyote.AbstractProtocol$ConnectionHandler.process(AbstractProtocol.java:903)
	at org.apache.tomcat.util.net.NioEndpoint$SocketProcessor.doRun(NioEndpoint.java:1776)
	at org.apache.tomcat.util.net.SocketProcessorBase.run(SocketProcessorBase.java:52)
	at org.apache.tomcat.util.threads.ThreadPoolExecutor.runWorker(ThreadPoolExecutor.java:975)
	at org.apache.tomcat.util.threads.ThreadPoolExecutor$Worker.run(ThreadPoolExecutor.java:493)
	at org.apache.tomcat.util.threads.TaskThread$WrappingRunnable.run(TaskThread.java:63)
	at java.base/java.lang.Thread.run(Thread.java:1447)
2025-11-24 17:15:05.837 [http-nio-8080-exec-3] ERROR steven.test.project.config.GlobalExceptionHandler:? - [SystemException] 系统异常：
org.springframework.web.servlet.resource.NoResourceFoundException: No static resource api/flightServer/report/reportUavFlightTimes.
	at org.springframework.web.servlet.resource.ResourceHttpRequestHandler.handleRequest(ResourceHttpRequestHandler.java:585)
	at org.springframework.web.servlet.mvc.HttpRequestHandlerAdapter.handle(HttpRequestHandlerAdapter.java:52)
	at org.springframework.web.servlet.DispatcherServlet.doDispatch(DispatcherServlet.java:1089)
	at org.springframework.web.servlet.DispatcherServlet.doService(DispatcherServlet.java:979)
	at org.springframework.web.servlet.FrameworkServlet.processRequest(FrameworkServlet.java:1014)
	at org.springframework.web.servlet.FrameworkServlet.doGet(FrameworkServlet.java:903)
	at jakarta.servlet.http.HttpServlet.service(HttpServlet.java:564)
	at org.springframework.web.servlet.FrameworkServlet.service(FrameworkServlet.java:885)
	at jakarta.servlet.http.HttpServlet.service(HttpServlet.java:658)
	at org.apache.catalina.core.ApplicationFilterChain.internalDoFilter(ApplicationFilterChain.java:195)
	at org.apache.catalina.core.ApplicationFilterChain.doFilter(ApplicationFilterChain.java:140)
	at org.apache.tomcat.websocket.server.WsFilter.doFilter(WsFilter.java:51)
	at org.apache.catalina.core.ApplicationFilterChain.internalDoFilter(ApplicationFilterChain.java:164)
	at org.apache.catalina.core.ApplicationFilterChain.doFilter(ApplicationFilterChain.java:140)
	at org.springframework.web.filter.RequestContextFilter.doFilterInternal(RequestContextFilter.java:100)
	at org.springframework.web.filter.OncePerRequestFilter.doFilter(OncePerRequestFilter.java:116)
	at org.apache.catalina.core.ApplicationFilterChain.internalDoFilter(ApplicationFilterChain.java:164)
	at org.apache.catalina.core.ApplicationFilterChain.doFilter(ApplicationFilterChain.java:140)
	at org.springframework.web.filter.FormContentFilter.doFilterInternal(FormContentFilter.java:93)
	at org.springframework.web.filter.OncePerRequestFilter.doFilter(OncePerRequestFilter.java:116)
	at org.apache.catalina.core.ApplicationFilterChain.internalDoFilter(ApplicationFilterChain.java:164)
	at org.apache.catalina.core.ApplicationFilterChain.doFilter(ApplicationFilterChain.java:140)
	at org.springframework.web.filter.CharacterEncodingFilter.doFilterInternal(CharacterEncodingFilter.java:201)
	at org.springframework.web.filter.OncePerRequestFilter.doFilter(OncePerRequestFilter.java:116)
	at org.apache.catalina.core.ApplicationFilterChain.internalDoFilter(ApplicationFilterChain.java:164)
	at org.apache.catalina.core.ApplicationFilterChain.doFilter(ApplicationFilterChain.java:140)
	at org.apache.catalina.core.StandardWrapperValve.invoke(StandardWrapperValve.java:167)
	at org.apache.catalina.core.StandardContextValve.invoke(StandardContextValve.java:90)
	at org.apache.catalina.authenticator.AuthenticatorBase.invoke(AuthenticatorBase.java:483)
	at org.apache.catalina.core.StandardHostValve.invoke(StandardHostValve.java:116)
	at org.apache.catalina.valves.ErrorReportValve.invoke(ErrorReportValve.java:93)
	at org.apache.catalina.core.StandardEngineValve.invoke(StandardEngineValve.java:74)
	at org.apache.catalina.connector.CoyoteAdapter.service(CoyoteAdapter.java:344)
	at org.apache.coyote.http11.Http11Processor.service(Http11Processor.java:398)
	at org.apache.coyote.AbstractProcessorLight.process(AbstractProcessorLight.java:63)
	at org.apache.coyote.AbstractProtocol$ConnectionHandler.process(AbstractProtocol.java:903)
	at org.apache.tomcat.util.net.NioEndpoint$SocketProcessor.doRun(NioEndpoint.java:1776)
	at org.apache.tomcat.util.net.SocketProcessorBase.run(SocketProcessorBase.java:52)
	at org.apache.tomcat.util.threads.ThreadPoolExecutor.runWorker(ThreadPoolExecutor.java:975)
	at org.apache.tomcat.util.threads.ThreadPoolExecutor$Worker.run(ThreadPoolExecutor.java:493)
	at org.apache.tomcat.util.threads.TaskThread$WrappingRunnable.run(TaskThread.java:63)
	at java.base/java.lang.Thread.run(Thread.java:1447)
2025-11-24 17:15:05.837 [http-nio-8080-exec-1] ERROR steven.test.project.config.GlobalExceptionHandler:? - [SystemException] 系统异常：
org.springframework.web.servlet.resource.NoResourceFoundException: No static resource api/flightServer/report/reportUavCount.
	at org.springframework.web.servlet.resource.ResourceHttpRequestHandler.handleRequest(ResourceHttpRequestHandler.java:585)
	at org.springframework.web.servlet.mvc.HttpRequestHandlerAdapter.handle(HttpRequestHandlerAdapter.java:52)
	at org.springframework.web.servlet.DispatcherServlet.doDispatch(DispatcherServlet.java:1089)
	at org.springframework.web.servlet.DispatcherServlet.doService(DispatcherServlet.java:979)
	at org.springframework.web.servlet.FrameworkServlet.processRequest(FrameworkServlet.java:1014)
	at org.springframework.web.servlet.FrameworkServlet.doGet(FrameworkServlet.java:903)
	at jakarta.servlet.http.HttpServlet.service(HttpServlet.java:564)
	at org.springframework.web.servlet.FrameworkServlet.service(FrameworkServlet.java:885)
	at jakarta.servlet.http.HttpServlet.service(HttpServlet.java:658)
	at org.apache.catalina.core.ApplicationFilterChain.internalDoFilter(ApplicationFilterChain.java:195)
	at org.apache.catalina.core.ApplicationFilterChain.doFilter(ApplicationFilterChain.java:140)
	at org.apache.tomcat.websocket.server.WsFilter.doFilter(WsFilter.java:51)
	at org.apache.catalina.core.ApplicationFilterChain.internalDoFilter(ApplicationFilterChain.java:164)
	at org.apache.catalina.core.ApplicationFilterChain.doFilter(ApplicationFilterChain.java:140)
	at org.springframework.web.filter.RequestContextFilter.doFilterInternal(RequestContextFilter.java:100)
	at org.springframework.web.filter.OncePerRequestFilter.doFilter(OncePerRequestFilter.java:116)
	at org.apache.catalina.core.ApplicationFilterChain.internalDoFilter(ApplicationFilterChain.java:164)
	at org.apache.catalina.core.ApplicationFilterChain.doFilter(ApplicationFilterChain.java:140)
	at org.springframework.web.filter.FormContentFilter.doFilterInternal(FormContentFilter.java:93)
	at org.springframework.web.filter.OncePerRequestFilter.doFilter(OncePerRequestFilter.java:116)
	at org.apache.catalina.core.ApplicationFilterChain.internalDoFilter(ApplicationFilterChain.java:164)
	at org.apache.catalina.core.ApplicationFilterChain.doFilter(ApplicationFilterChain.java:140)
	at org.springframework.web.filter.CharacterEncodingFilter.doFilterInternal(CharacterEncodingFilter.java:201)
	at org.springframework.web.filter.OncePerRequestFilter.doFilter(OncePerRequestFilter.java:116)
	at org.apache.catalina.core.ApplicationFilterChain.internalDoFilter(ApplicationFilterChain.java:164)
	at org.apache.catalina.core.ApplicationFilterChain.doFilter(ApplicationFilterChain.java:140)
	at org.apache.catalina.core.StandardWrapperValve.invoke(StandardWrapperValve.java:167)
	at org.apache.catalina.core.StandardContextValve.invoke(StandardContextValve.java:90)
	at org.apache.catalina.authenticator.AuthenticatorBase.invoke(AuthenticatorBase.java:483)
	at org.apache.catalina.core.StandardHostValve.invoke(StandardHostValve.java:116)
	at org.apache.catalina.valves.ErrorReportValve.invoke(ErrorReportValve.java:93)
	at org.apache.catalina.core.StandardEngineValve.invoke(StandardEngineValve.java:74)
	at org.apache.catalina.connector.CoyoteAdapter.service(CoyoteAdapter.java:344)
	at org.apache.coyote.http11.Http11Processor.service(Http11Processor.java:398)
	at org.apache.coyote.AbstractProcessorLight.process(AbstractProcessorLight.java:63)
	at org.apache.coyote.AbstractProtocol$ConnectionHandler.process(AbstractProtocol.java:903)
	at org.apache.tomcat.util.net.NioEndpoint$SocketProcessor.doRun(NioEndpoint.java:1776)
	at org.apache.tomcat.util.net.SocketProcessorBase.run(SocketProcessorBase.java:52)
	at org.apache.tomcat.util.threads.ThreadPoolExecutor.runWorker(ThreadPoolExecutor.java:975)
	at org.apache.tomcat.util.threads.ThreadPoolExecutor$Worker.run(ThreadPoolExecutor.java:493)
	at org.apache.tomcat.util.threads.TaskThread$WrappingRunnable.run(TaskThread.java:63)
	at java.base/java.lang.Thread.run(Thread.java:1447)
2025-11-24 17:15:05.837 [http-nio-8080-exec-2] ERROR steven.test.project.config.GlobalExceptionHandler:? - [SystemException] 系统异常：
org.springframework.web.servlet.resource.NoResourceFoundException: No static resource api/flightServer/report/reportBrand.
	at org.springframework.web.servlet.resource.ResourceHttpRequestHandler.handleRequest(ResourceHttpRequestHandler.java:585)
	at org.springframework.web.servlet.mvc.HttpRequestHandlerAdapter.handle(HttpRequestHandlerAdapter.java:52)
	at org.springframework.web.servlet.DispatcherServlet.doDispatch(DispatcherServlet.java:1089)
	at org.springframework.web.servlet.DispatcherServlet.doService(DispatcherServlet.java:979)
	at org.springframework.web.servlet.FrameworkServlet.processRequest(FrameworkServlet.java:1014)
	at org.springframework.web.servlet.FrameworkServlet.doGet(FrameworkServlet.java:903)
	at jakarta.servlet.http.HttpServlet.service(HttpServlet.java:564)
	at org.springframework.web.servlet.FrameworkServlet.service(FrameworkServlet.java:885)
	at jakarta.servlet.http.HttpServlet.service(HttpServlet.java:658)
	at org.apache.catalina.core.ApplicationFilterChain.internalDoFilter(ApplicationFilterChain.java:195)
	at org.apache.catalina.core.ApplicationFilterChain.doFilter(ApplicationFilterChain.java:140)
	at org.apache.tomcat.websocket.server.WsFilter.doFilter(WsFilter.java:51)
	at org.apache.catalina.core.ApplicationFilterChain.internalDoFilter(ApplicationFilterChain.java:164)
	at org.apache.catalina.core.ApplicationFilterChain.doFilter(ApplicationFilterChain.java:140)
	at org.springframework.web.filter.RequestContextFilter.doFilterInternal(RequestContextFilter.java:100)
	at org.springframework.web.filter.OncePerRequestFilter.doFilter(OncePerRequestFilter.java:116)
	at org.apache.catalina.core.ApplicationFilterChain.internalDoFilter(ApplicationFilterChain.java:164)
	at org.apache.catalina.core.ApplicationFilterChain.doFilter(ApplicationFilterChain.java:140)
	at org.springframework.web.filter.FormContentFilter.doFilterInternal(FormContentFilter.java:93)
	at org.springframework.web.filter.OncePerRequestFilter.doFilter(OncePerRequestFilter.java:116)
	at org.apache.catalina.core.ApplicationFilterChain.internalDoFilter(ApplicationFilterChain.java:164)
	at org.apache.catalina.core.ApplicationFilterChain.doFilter(ApplicationFilterChain.java:140)
	at org.springframework.web.filter.CharacterEncodingFilter.doFilterInternal(CharacterEncodingFilter.java:201)
	at org.springframework.web.filter.OncePerRequestFilter.doFilter(OncePerRequestFilter.java:116)
	at org.apache.catalina.core.ApplicationFilterChain.internalDoFilter(ApplicationFilterChain.java:164)
	at org.apache.catalina.core.ApplicationFilterChain.doFilter(ApplicationFilterChain.java:140)
	at org.apache.catalina.core.StandardWrapperValve.invoke(StandardWrapperValve.java:167)
	at org.apache.catalina.core.StandardContextValve.invoke(StandardContextValve.java:90)
	at org.apache.catalina.authenticator.AuthenticatorBase.invoke(AuthenticatorBase.java:483)
	at org.apache.catalina.core.StandardHostValve.invoke(StandardHostValve.java:116)
	at org.apache.catalina.valves.ErrorReportValve.invoke(ErrorReportValve.java:93)
	at org.apache.catalina.core.StandardEngineValve.invoke(StandardEngineValve.java:74)
	at org.apache.catalina.connector.CoyoteAdapter.service(CoyoteAdapter.java:344)
	at org.apache.coyote.http11.Http11Processor.service(Http11Processor.java:398)
	at org.apache.coyote.AbstractProcessorLight.process(AbstractProcessorLight.java:63)
	at org.apache.coyote.AbstractProtocol$ConnectionHandler.process(AbstractProtocol.java:903)
	at org.apache.tomcat.util.net.NioEndpoint$SocketProcessor.doRun(NioEndpoint.java:1776)
	at org.apache.tomcat.util.net.SocketProcessorBase.run(SocketProcessorBase.java:52)
	at org.apache.tomcat.util.threads.ThreadPoolExecutor.runWorker(ThreadPoolExecutor.java:975)
	at org.apache.tomcat.util.threads.ThreadPoolExecutor$Worker.run(ThreadPoolExecutor.java:493)
	at org.apache.tomcat.util.threads.TaskThread$WrappingRunnable.run(TaskThread.java:63)
	at java.base/java.lang.Thread.run(Thread.java:1447)
2025-11-24 17:16:05.839 [http-nio-8080-exec-5] ERROR steven.test.project.config.GlobalExceptionHandler:? - [SystemException] 系统异常：
org.springframework.web.servlet.resource.NoResourceFoundException: No static resource api/flightServer/report/reportUavFlightTimes.
	at org.springframework.web.servlet.resource.ResourceHttpRequestHandler.handleRequest(ResourceHttpRequestHandler.java:585)
	at org.springframework.web.servlet.mvc.HttpRequestHandlerAdapter.handle(HttpRequestHandlerAdapter.java:52)
	at org.springframework.web.servlet.DispatcherServlet.doDispatch(DispatcherServlet.java:1089)
	at org.springframework.web.servlet.DispatcherServlet.doService(DispatcherServlet.java:979)
	at org.springframework.web.servlet.FrameworkServlet.processRequest(FrameworkServlet.java:1014)
	at org.springframework.web.servlet.FrameworkServlet.doGet(FrameworkServlet.java:903)
	at jakarta.servlet.http.HttpServlet.service(HttpServlet.java:564)
	at org.springframework.web.servlet.FrameworkServlet.service(FrameworkServlet.java:885)
	at jakarta.servlet.http.HttpServlet.service(HttpServlet.java:658)
	at org.apache.catalina.core.ApplicationFilterChain.internalDoFilter(ApplicationFilterChain.java:195)
	at org.apache.catalina.core.ApplicationFilterChain.doFilter(ApplicationFilterChain.java:140)
	at org.apache.tomcat.websocket.server.WsFilter.doFilter(WsFilter.java:51)
	at org.apache.catalina.core.ApplicationFilterChain.internalDoFilter(ApplicationFilterChain.java:164)
	at org.apache.catalina.core.ApplicationFilterChain.doFilter(ApplicationFilterChain.java:140)
	at org.springframework.web.filter.RequestContextFilter.doFilterInternal(RequestContextFilter.java:100)
	at org.springframework.web.filter.OncePerRequestFilter.doFilter(OncePerRequestFilter.java:116)
	at org.apache.catalina.core.ApplicationFilterChain.internalDoFilter(ApplicationFilterChain.java:164)
	at org.apache.catalina.core.ApplicationFilterChain.doFilter(ApplicationFilterChain.java:140)
	at org.springframework.web.filter.FormContentFilter.doFilterInternal(FormContentFilter.java:93)
	at org.springframework.web.filter.OncePerRequestFilter.doFilter(OncePerRequestFilter.java:116)
	at org.apache.catalina.core.ApplicationFilterChain.internalDoFilter(ApplicationFilterChain.java:164)
	at org.apache.catalina.core.ApplicationFilterChain.doFilter(ApplicationFilterChain.java:140)
	at org.springframework.web.filter.CharacterEncodingFilter.doFilterInternal(CharacterEncodingFilter.java:201)
	at org.springframework.web.filter.OncePerRequestFilter.doFilter(OncePerRequestFilter.java:116)
	at org.apache.catalina.core.ApplicationFilterChain.internalDoFilter(ApplicationFilterChain.java:164)
	at org.apache.catalina.core.ApplicationFilterChain.doFilter(ApplicationFilterChain.java:140)
	at org.apache.catalina.core.StandardWrapperValve.invoke(StandardWrapperValve.java:167)
	at org.apache.catalina.core.StandardContextValve.invoke(StandardContextValve.java:90)
	at org.apache.catalina.authenticator.AuthenticatorBase.invoke(AuthenticatorBase.java:483)
	at org.apache.catalina.core.StandardHostValve.invoke(StandardHostValve.java:116)
	at org.apache.catalina.valves.ErrorReportValve.invoke(ErrorReportValve.java:93)
	at org.apache.catalina.core.StandardEngineValve.invoke(StandardEngineValve.java:74)
	at org.apache.catalina.connector.CoyoteAdapter.service(CoyoteAdapter.java:344)
	at org.apache.coyote.http11.Http11Processor.service(Http11Processor.java:398)
	at org.apache.coyote.AbstractProcessorLight.process(AbstractProcessorLight.java:63)
	at org.apache.coyote.AbstractProtocol$ConnectionHandler.process(AbstractProtocol.java:903)
	at org.apache.tomcat.util.net.NioEndpoint$SocketProcessor.doRun(NioEndpoint.java:1776)
	at org.apache.tomcat.util.net.SocketProcessorBase.run(SocketProcessorBase.java:52)
	at org.apache.tomcat.util.threads.ThreadPoolExecutor.runWorker(ThreadPoolExecutor.java:975)
	at org.apache.tomcat.util.threads.ThreadPoolExecutor$Worker.run(ThreadPoolExecutor.java:493)
	at org.apache.tomcat.util.threads.TaskThread$WrappingRunnable.run(TaskThread.java:63)
	at java.base/java.lang.Thread.run(Thread.java:1447)
2025-11-24 17:16:05.839 [http-nio-8080-exec-6] ERROR steven.test.project.config.GlobalExceptionHandler:? - [SystemException] 系统异常：
org.springframework.web.servlet.resource.NoResourceFoundException: No static resource api/flightServer/report/reportUavCount.
	at org.springframework.web.servlet.resource.ResourceHttpRequestHandler.handleRequest(ResourceHttpRequestHandler.java:585)
	at org.springframework.web.servlet.mvc.HttpRequestHandlerAdapter.handle(HttpRequestHandlerAdapter.java:52)
	at org.springframework.web.servlet.DispatcherServlet.doDispatch(DispatcherServlet.java:1089)
	at org.springframework.web.servlet.DispatcherServlet.doService(DispatcherServlet.java:979)
	at org.springframework.web.servlet.FrameworkServlet.processRequest(FrameworkServlet.java:1014)
	at org.springframework.web.servlet.FrameworkServlet.doGet(FrameworkServlet.java:903)
	at jakarta.servlet.http.HttpServlet.service(HttpServlet.java:564)
	at org.springframework.web.servlet.FrameworkServlet.service(FrameworkServlet.java:885)
	at jakarta.servlet.http.HttpServlet.service(HttpServlet.java:658)
	at org.apache.catalina.core.ApplicationFilterChain.internalDoFilter(ApplicationFilterChain.java:195)
	at org.apache.catalina.core.ApplicationFilterChain.doFilter(ApplicationFilterChain.java:140)
	at org.apache.tomcat.websocket.server.WsFilter.doFilter(WsFilter.java:51)
	at org.apache.catalina.core.ApplicationFilterChain.internalDoFilter(ApplicationFilterChain.java:164)
	at org.apache.catalina.core.ApplicationFilterChain.doFilter(ApplicationFilterChain.java:140)
	at org.springframework.web.filter.RequestContextFilter.doFilterInternal(RequestContextFilter.java:100)
	at org.springframework.web.filter.OncePerRequestFilter.doFilter(OncePerRequestFilter.java:116)
	at org.apache.catalina.core.ApplicationFilterChain.internalDoFilter(ApplicationFilterChain.java:164)
	at org.apache.catalina.core.ApplicationFilterChain.doFilter(ApplicationFilterChain.java:140)
	at org.springframework.web.filter.FormContentFilter.doFilterInternal(FormContentFilter.java:93)
	at org.springframework.web.filter.OncePerRequestFilter.doFilter(OncePerRequestFilter.java:116)
	at org.apache.catalina.core.ApplicationFilterChain.internalDoFilter(ApplicationFilterChain.java:164)
	at org.apache.catalina.core.ApplicationFilterChain.doFilter(ApplicationFilterChain.java:140)
	at org.springframework.web.filter.CharacterEncodingFilter.doFilterInternal(CharacterEncodingFilter.java:201)
	at org.springframework.web.filter.OncePerRequestFilter.doFilter(OncePerRequestFilter.java:116)
	at org.apache.catalina.core.ApplicationFilterChain.internalDoFilter(ApplicationFilterChain.java:164)
	at org.apache.catalina.core.ApplicationFilterChain.doFilter(ApplicationFilterChain.java:140)
	at org.apache.catalina.core.StandardWrapperValve.invoke(StandardWrapperValve.java:167)
	at org.apache.catalina.core.StandardContextValve.invoke(StandardContextValve.java:90)
	at org.apache.catalina.authenticator.AuthenticatorBase.invoke(AuthenticatorBase.java:483)
	at org.apache.catalina.core.StandardHostValve.invoke(StandardHostValve.java:116)
	at org.apache.catalina.valves.ErrorReportValve.invoke(ErrorReportValve.java:93)
	at org.apache.catalina.core.StandardEngineValve.invoke(StandardEngineValve.java:74)
	at org.apache.catalina.connector.CoyoteAdapter.service(CoyoteAdapter.java:344)
	at org.apache.coyote.http11.Http11Processor.service(Http11Processor.java:398)
	at org.apache.coyote.AbstractProcessorLight.process(AbstractProcessorLight.java:63)
	at org.apache.coyote.AbstractProtocol$ConnectionHandler.process(AbstractProtocol.java:903)
	at org.apache.tomcat.util.net.NioEndpoint$SocketProcessor.doRun(NioEndpoint.java:1776)
	at org.apache.tomcat.util.net.SocketProcessorBase.run(SocketProcessorBase.java:52)
	at org.apache.tomcat.util.threads.ThreadPoolExecutor.runWorker(ThreadPoolExecutor.java:975)
	at org.apache.tomcat.util.threads.ThreadPoolExecutor$Worker.run(ThreadPoolExecutor.java:493)
	at org.apache.tomcat.util.threads.TaskThread$WrappingRunnable.run(TaskThread.java:63)
	at java.base/java.lang.Thread.run(Thread.java:1447)
2025-11-24 17:16:05.839 [http-nio-8080-exec-4] ERROR steven.test.project.config.GlobalExceptionHandler:? - [SystemException] 系统异常：
org.springframework.web.servlet.resource.NoResourceFoundException: No static resource api/flightServer/report/reportBrand.
	at org.springframework.web.servlet.resource.ResourceHttpRequestHandler.handleRequest(ResourceHttpRequestHandler.java:585)
	at org.springframework.web.servlet.mvc.HttpRequestHandlerAdapter.handle(HttpRequestHandlerAdapter.java:52)
	at org.springframework.web.servlet.DispatcherServlet.doDispatch(DispatcherServlet.java:1089)
	at org.springframework.web.servlet.DispatcherServlet.doService(DispatcherServlet.java:979)
	at org.springframework.web.servlet.FrameworkServlet.processRequest(FrameworkServlet.java:1014)
	at org.springframework.web.servlet.FrameworkServlet.doGet(FrameworkServlet.java:903)
	at jakarta.servlet.http.HttpServlet.service(HttpServlet.java:564)
	at org.springframework.web.servlet.FrameworkServlet.service(FrameworkServlet.java:885)
	at jakarta.servlet.http.HttpServlet.service(HttpServlet.java:658)
	at org.apache.catalina.core.ApplicationFilterChain.internalDoFilter(ApplicationFilterChain.java:195)
	at org.apache.catalina.core.ApplicationFilterChain.doFilter(ApplicationFilterChain.java:140)
	at org.apache.tomcat.websocket.server.WsFilter.doFilter(WsFilter.java:51)
	at org.apache.catalina.core.ApplicationFilterChain.internalDoFilter(ApplicationFilterChain.java:164)
	at org.apache.catalina.core.ApplicationFilterChain.doFilter(ApplicationFilterChain.java:140)
	at org.springframework.web.filter.RequestContextFilter.doFilterInternal(RequestContextFilter.java:100)
	at org.springframework.web.filter.OncePerRequestFilter.doFilter(OncePerRequestFilter.java:116)
	at org.apache.catalina.core.ApplicationFilterChain.internalDoFilter(ApplicationFilterChain.java:164)
	at org.apache.catalina.core.ApplicationFilterChain.doFilter(ApplicationFilterChain.java:140)
	at org.springframework.web.filter.FormContentFilter.doFilterInternal(FormContentFilter.java:93)
	at org.springframework.web.filter.OncePerRequestFilter.doFilter(OncePerRequestFilter.java:116)
	at org.apache.catalina.core.ApplicationFilterChain.internalDoFilter(ApplicationFilterChain.java:164)
	at org.apache.catalina.core.ApplicationFilterChain.doFilter(ApplicationFilterChain.java:140)
	at org.springframework.web.filter.CharacterEncodingFilter.doFilterInternal(CharacterEncodingFilter.java:201)
	at org.springframework.web.filter.OncePerRequestFilter.doFilter(OncePerRequestFilter.java:116)
	at org.apache.catalina.core.ApplicationFilterChain.internalDoFilter(ApplicationFilterChain.java:164)
	at org.apache.catalina.core.ApplicationFilterChain.doFilter(ApplicationFilterChain.java:140)
	at org.apache.catalina.core.StandardWrapperValve.invoke(StandardWrapperValve.java:167)
	at org.apache.catalina.core.StandardContextValve.invoke(StandardContextValve.java:90)
	at org.apache.catalina.authenticator.AuthenticatorBase.invoke(AuthenticatorBase.java:483)
	at org.apache.catalina.core.StandardHostValve.invoke(StandardHostValve.java:116)
	at org.apache.catalina.valves.ErrorReportValve.invoke(ErrorReportValve.java:93)
	at org.apache.catalina.core.StandardEngineValve.invoke(StandardEngineValve.java:74)
	at org.apache.catalina.connector.CoyoteAdapter.service(CoyoteAdapter.java:344)
	at org.apache.coyote.http11.Http11Processor.service(Http11Processor.java:398)
	at org.apache.coyote.AbstractProcessorLight.process(AbstractProcessorLight.java:63)
	at org.apache.coyote.AbstractProtocol$ConnectionHandler.process(AbstractProtocol.java:903)
	at org.apache.tomcat.util.net.NioEndpoint$SocketProcessor.doRun(NioEndpoint.java:1776)
	at org.apache.tomcat.util.net.SocketProcessorBase.run(SocketProcessorBase.java:52)
	at org.apache.tomcat.util.threads.ThreadPoolExecutor.runWorker(ThreadPoolExecutor.java:975)
	at org.apache.tomcat.util.threads.ThreadPoolExecutor$Worker.run(ThreadPoolExecutor.java:493)
	at org.apache.tomcat.util.threads.TaskThread$WrappingRunnable.run(TaskThread.java:63)
	at java.base/java.lang.Thread.run(Thread.java:1447)
2025-11-24 17:17:05.843 [http-nio-8080-exec-9] ERROR steven.test.project.config.GlobalExceptionHandler:? - [SystemException] 系统异常：
org.springframework.web.servlet.resource.NoResourceFoundException: No static resource api/flightServer/report/reportUavCount.
	at org.springframework.web.servlet.resource.ResourceHttpRequestHandler.handleRequest(ResourceHttpRequestHandler.java:585)
	at org.springframework.web.servlet.mvc.HttpRequestHandlerAdapter.handle(HttpRequestHandlerAdapter.java:52)
	at org.springframework.web.servlet.DispatcherServlet.doDispatch(DispatcherServlet.java:1089)
	at org.springframework.web.servlet.DispatcherServlet.doService(DispatcherServlet.java:979)
	at org.springframework.web.servlet.FrameworkServlet.processRequest(FrameworkServlet.java:1014)
	at org.springframework.web.servlet.FrameworkServlet.doGet(FrameworkServlet.java:903)
	at jakarta.servlet.http.HttpServlet.service(HttpServlet.java:564)
	at org.springframework.web.servlet.FrameworkServlet.service(FrameworkServlet.java:885)
	at jakarta.servlet.http.HttpServlet.service(HttpServlet.java:658)
	at org.apache.catalina.core.ApplicationFilterChain.internalDoFilter(ApplicationFilterChain.java:195)
	at org.apache.catalina.core.ApplicationFilterChain.doFilter(ApplicationFilterChain.java:140)
	at org.apache.tomcat.websocket.server.WsFilter.doFilter(WsFilter.java:51)
	at org.apache.catalina.core.ApplicationFilterChain.internalDoFilter(ApplicationFilterChain.java:164)
	at org.apache.catalina.core.ApplicationFilterChain.doFilter(ApplicationFilterChain.java:140)
	at org.springframework.web.filter.RequestContextFilter.doFilterInternal(RequestContextFilter.java:100)
	at org.springframework.web.filter.OncePerRequestFilter.doFilter(OncePerRequestFilter.java:116)
	at org.apache.catalina.core.ApplicationFilterChain.internalDoFilter(ApplicationFilterChain.java:164)
	at org.apache.catalina.core.ApplicationFilterChain.doFilter(ApplicationFilterChain.java:140)
	at org.springframework.web.filter.FormContentFilter.doFilterInternal(FormContentFilter.java:93)
	at org.springframework.web.filter.OncePerRequestFilter.doFilter(OncePerRequestFilter.java:116)
	at org.apache.catalina.core.ApplicationFilterChain.internalDoFilter(ApplicationFilterChain.java:164)
	at org.apache.catalina.core.ApplicationFilterChain.doFilter(ApplicationFilterChain.java:140)
	at org.springframework.web.filter.CharacterEncodingFilter.doFilterInternal(CharacterEncodingFilter.java:201)
	at org.springframework.web.filter.OncePerRequestFilter.doFilter(OncePerRequestFilter.java:116)
	at org.apache.catalina.core.ApplicationFilterChain.internalDoFilter(ApplicationFilterChain.java:164)
	at org.apache.catalina.core.ApplicationFilterChain.doFilter(ApplicationFilterChain.java:140)
	at org.apache.catalina.core.StandardWrapperValve.invoke(StandardWrapperValve.java:167)
	at org.apache.catalina.core.StandardContextValve.invoke(StandardContextValve.java:90)
	at org.apache.catalina.authenticator.AuthenticatorBase.invoke(AuthenticatorBase.java:483)
	at org.apache.catalina.core.StandardHostValve.invoke(StandardHostValve.java:116)
	at org.apache.catalina.valves.ErrorReportValve.invoke(ErrorReportValve.java:93)
	at org.apache.catalina.core.StandardEngineValve.invoke(StandardEngineValve.java:74)
	at org.apache.catalina.connector.CoyoteAdapter.service(CoyoteAdapter.java:344)
	at org.apache.coyote.http11.Http11Processor.service(Http11Processor.java:398)
	at org.apache.coyote.AbstractProcessorLight.process(AbstractProcessorLight.java:63)
	at org.apache.coyote.AbstractProtocol$ConnectionHandler.process(AbstractProtocol.java:903)
	at org.apache.tomcat.util.net.NioEndpoint$SocketProcessor.doRun(NioEndpoint.java:1776)
	at org.apache.tomcat.util.net.SocketProcessorBase.run(SocketProcessorBase.java:52)
	at org.apache.tomcat.util.threads.ThreadPoolExecutor.runWorker(ThreadPoolExecutor.java:975)
	at org.apache.tomcat.util.threads.ThreadPoolExecutor$Worker.run(ThreadPoolExecutor.java:493)
	at org.apache.tomcat.util.threads.TaskThread$WrappingRunnable.run(TaskThread.java:63)
	at java.base/java.lang.Thread.run(Thread.java:1447)
2025-11-24 17:17:05.843 [http-nio-8080-exec-8] ERROR steven.test.project.config.GlobalExceptionHandler:? - [SystemException] 系统异常：
org.springframework.web.servlet.resource.NoResourceFoundException: No static resource api/flightServer/report/reportUavFlightTimes.
	at org.springframework.web.servlet.resource.ResourceHttpRequestHandler.handleRequest(ResourceHttpRequestHandler.java:585)
	at org.springframework.web.servlet.mvc.HttpRequestHandlerAdapter.handle(HttpRequestHandlerAdapter.java:52)
	at org.springframework.web.servlet.DispatcherServlet.doDispatch(DispatcherServlet.java:1089)
	at org.springframework.web.servlet.DispatcherServlet.doService(DispatcherServlet.java:979)
	at org.springframework.web.servlet.FrameworkServlet.processRequest(FrameworkServlet.java:1014)
	at org.springframework.web.servlet.FrameworkServlet.doGet(FrameworkServlet.java:903)
	at jakarta.servlet.http.HttpServlet.service(HttpServlet.java:564)
	at org.springframework.web.servlet.FrameworkServlet.service(FrameworkServlet.java:885)
	at jakarta.servlet.http.HttpServlet.service(HttpServlet.java:658)
	at org.apache.catalina.core.ApplicationFilterChain.internalDoFilter(ApplicationFilterChain.java:195)
	at org.apache.catalina.core.ApplicationFilterChain.doFilter(ApplicationFilterChain.java:140)
	at org.apache.tomcat.websocket.server.WsFilter.doFilter(WsFilter.java:51)
	at org.apache.catalina.core.ApplicationFilterChain.internalDoFilter(ApplicationFilterChain.java:164)
	at org.apache.catalina.core.ApplicationFilterChain.doFilter(ApplicationFilterChain.java:140)
	at org.springframework.web.filter.RequestContextFilter.doFilterInternal(RequestContextFilter.java:100)
	at org.springframework.web.filter.OncePerRequestFilter.doFilter(OncePerRequestFilter.java:116)
	at org.apache.catalina.core.ApplicationFilterChain.internalDoFilter(ApplicationFilterChain.java:164)
	at org.apache.catalina.core.ApplicationFilterChain.doFilter(ApplicationFilterChain.java:140)
	at org.springframework.web.filter.FormContentFilter.doFilterInternal(FormContentFilter.java:93)
	at org.springframework.web.filter.OncePerRequestFilter.doFilter(OncePerRequestFilter.java:116)
	at org.apache.catalina.core.ApplicationFilterChain.internalDoFilter(ApplicationFilterChain.java:164)
	at org.apache.catalina.core.ApplicationFilterChain.doFilter(ApplicationFilterChain.java:140)
	at org.springframework.web.filter.CharacterEncodingFilter.doFilterInternal(CharacterEncodingFilter.java:201)
	at org.springframework.web.filter.OncePerRequestFilter.doFilter(OncePerRequestFilter.java:116)
	at org.apache.catalina.core.ApplicationFilterChain.internalDoFilter(ApplicationFilterChain.java:164)
	at org.apache.catalina.core.ApplicationFilterChain.doFilter(ApplicationFilterChain.java:140)
	at org.apache.catalina.core.StandardWrapperValve.invoke(StandardWrapperValve.java:167)
	at org.apache.catalina.core.StandardContextValve.invoke(StandardContextValve.java:90)
	at org.apache.catalina.authenticator.AuthenticatorBase.invoke(AuthenticatorBase.java:483)
	at org.apache.catalina.core.StandardHostValve.invoke(StandardHostValve.java:116)
	at org.apache.catalina.valves.ErrorReportValve.invoke(ErrorReportValve.java:93)
	at org.apache.catalina.core.StandardEngineValve.invoke(StandardEngineValve.java:74)
	at org.apache.catalina.connector.CoyoteAdapter.service(CoyoteAdapter.java:344)
	at org.apache.coyote.http11.Http11Processor.service(Http11Processor.java:398)
	at org.apache.coyote.AbstractProcessorLight.process(AbstractProcessorLight.java:63)
	at org.apache.coyote.AbstractProtocol$ConnectionHandler.process(AbstractProtocol.java:903)
	at org.apache.tomcat.util.net.NioEndpoint$SocketProcessor.doRun(NioEndpoint.java:1776)
	at org.apache.tomcat.util.net.SocketProcessorBase.run(SocketProcessorBase.java:52)
	at org.apache.tomcat.util.threads.ThreadPoolExecutor.runWorker(ThreadPoolExecutor.java:975)
	at org.apache.tomcat.util.threads.ThreadPoolExecutor$Worker.run(ThreadPoolExecutor.java:493)
	at org.apache.tomcat.util.threads.TaskThread$WrappingRunnable.run(TaskThread.java:63)
	at java.base/java.lang.Thread.run(Thread.java:1447)
2025-11-24 17:17:05.843 [http-nio-8080-exec-7] ERROR steven.test.project.config.GlobalExceptionHandler:? - [SystemException] 系统异常：
org.springframework.web.servlet.resource.NoResourceFoundException: No static resource api/flightServer/report/reportBrand.
	at org.springframework.web.servlet.resource.ResourceHttpRequestHandler.handleRequest(ResourceHttpRequestHandler.java:585)
	at org.springframework.web.servlet.mvc.HttpRequestHandlerAdapter.handle(HttpRequestHandlerAdapter.java:52)
	at org.springframework.web.servlet.DispatcherServlet.doDispatch(DispatcherServlet.java:1089)
	at org.springframework.web.servlet.DispatcherServlet.doService(DispatcherServlet.java:979)
	at org.springframework.web.servlet.FrameworkServlet.processRequest(FrameworkServlet.java:1014)
	at org.springframework.web.servlet.FrameworkServlet.doGet(FrameworkServlet.java:903)
	at jakarta.servlet.http.HttpServlet.service(HttpServlet.java:564)
	at org.springframework.web.servlet.FrameworkServlet.service(FrameworkServlet.java:885)
	at jakarta.servlet.http.HttpServlet.service(HttpServlet.java:658)
	at org.apache.catalina.core.ApplicationFilterChain.internalDoFilter(ApplicationFilterChain.java:195)
	at org.apache.catalina.core.ApplicationFilterChain.doFilter(ApplicationFilterChain.java:140)
	at org.apache.tomcat.websocket.server.WsFilter.doFilter(WsFilter.java:51)
	at org.apache.catalina.core.ApplicationFilterChain.internalDoFilter(ApplicationFilterChain.java:164)
	at org.apache.catalina.core.ApplicationFilterChain.doFilter(ApplicationFilterChain.java:140)
	at org.springframework.web.filter.RequestContextFilter.doFilterInternal(RequestContextFilter.java:100)
	at org.springframework.web.filter.OncePerRequestFilter.doFilter(OncePerRequestFilter.java:116)
	at org.apache.catalina.core.ApplicationFilterChain.internalDoFilter(ApplicationFilterChain.java:164)
	at org.apache.catalina.core.ApplicationFilterChain.doFilter(ApplicationFilterChain.java:140)
	at org.springframework.web.filter.FormContentFilter.doFilterInternal(FormContentFilter.java:93)
	at org.springframework.web.filter.OncePerRequestFilter.doFilter(OncePerRequestFilter.java:116)
	at org.apache.catalina.core.ApplicationFilterChain.internalDoFilter(ApplicationFilterChain.java:164)
	at org.apache.catalina.core.ApplicationFilterChain.doFilter(ApplicationFilterChain.java:140)
	at org.springframework.web.filter.CharacterEncodingFilter.doFilterInternal(CharacterEncodingFilter.java:201)
	at org.springframework.web.filter.OncePerRequestFilter.doFilter(OncePerRequestFilter.java:116)
	at org.apache.catalina.core.ApplicationFilterChain.internalDoFilter(ApplicationFilterChain.java:164)
	at org.apache.catalina.core.ApplicationFilterChain.doFilter(ApplicationFilterChain.java:140)
	at org.apache.catalina.core.StandardWrapperValve.invoke(StandardWrapperValve.java:167)
	at org.apache.catalina.core.StandardContextValve.invoke(StandardContextValve.java:90)
	at org.apache.catalina.authenticator.AuthenticatorBase.invoke(AuthenticatorBase.java:483)
	at org.apache.catalina.core.StandardHostValve.invoke(StandardHostValve.java:116)
	at org.apache.catalina.valves.ErrorReportValve.invoke(ErrorReportValve.java:93)
	at org.apache.catalina.core.StandardEngineValve.invoke(StandardEngineValve.java:74)
	at org.apache.catalina.connector.CoyoteAdapter.service(CoyoteAdapter.java:344)
	at org.apache.coyote.http11.Http11Processor.service(Http11Processor.java:398)
	at org.apache.coyote.AbstractProcessorLight.process(AbstractProcessorLight.java:63)
	at org.apache.coyote.AbstractProtocol$ConnectionHandler.process(AbstractProtocol.java:903)
	at org.apache.tomcat.util.net.NioEndpoint$SocketProcessor.doRun(NioEndpoint.java:1776)
	at org.apache.tomcat.util.net.SocketProcessorBase.run(SocketProcessorBase.java:52)
	at org.apache.tomcat.util.threads.ThreadPoolExecutor.runWorker(ThreadPoolExecutor.java:975)
	at org.apache.tomcat.util.threads.ThreadPoolExecutor$Worker.run(ThreadPoolExecutor.java:493)
	at org.apache.tomcat.util.threads.TaskThread$WrappingRunnable.run(TaskThread.java:63)
	at java.base/java.lang.Thread.run(Thread.java:1447)
2025-11-24 17:18:05.831 [http-nio-8080-exec-10] ERROR steven.test.project.config.GlobalExceptionHandler:? - [SystemException] 系统异常：
org.springframework.web.servlet.resource.NoResourceFoundException: No static resource api/flightServer/report/reportUavCount.
	at org.springframework.web.servlet.resource.ResourceHttpRequestHandler.handleRequest(ResourceHttpRequestHandler.java:585)
	at org.springframework.web.servlet.mvc.HttpRequestHandlerAdapter.handle(HttpRequestHandlerAdapter.java:52)
	at org.springframework.web.servlet.DispatcherServlet.doDispatch(DispatcherServlet.java:1089)
	at org.springframework.web.servlet.DispatcherServlet.doService(DispatcherServlet.java:979)
	at org.springframework.web.servlet.FrameworkServlet.processRequest(FrameworkServlet.java:1014)
	at org.springframework.web.servlet.FrameworkServlet.doGet(FrameworkServlet.java:903)
	at jakarta.servlet.http.HttpServlet.service(HttpServlet.java:564)
	at org.springframework.web.servlet.FrameworkServlet.service(FrameworkServlet.java:885)
	at jakarta.servlet.http.HttpServlet.service(HttpServlet.java:658)
	at org.apache.catalina.core.ApplicationFilterChain.internalDoFilter(ApplicationFilterChain.java:195)
	at org.apache.catalina.core.ApplicationFilterChain.doFilter(ApplicationFilterChain.java:140)
	at org.apache.tomcat.websocket.server.WsFilter.doFilter(WsFilter.java:51)
	at org.apache.catalina.core.ApplicationFilterChain.internalDoFilter(ApplicationFilterChain.java:164)
	at org.apache.catalina.core.ApplicationFilterChain.doFilter(ApplicationFilterChain.java:140)
	at org.springframework.web.filter.RequestContextFilter.doFilterInternal(RequestContextFilter.java:100)
	at org.springframework.web.filter.OncePerRequestFilter.doFilter(OncePerRequestFilter.java:116)
	at org.apache.catalina.core.ApplicationFilterChain.internalDoFilter(ApplicationFilterChain.java:164)
	at org.apache.catalina.core.ApplicationFilterChain.doFilter(ApplicationFilterChain.java:140)
	at org.springframework.web.filter.FormContentFilter.doFilterInternal(FormContentFilter.java:93)
	at org.springframework.web.filter.OncePerRequestFilter.doFilter(OncePerRequestFilter.java:116)
	at org.apache.catalina.core.ApplicationFilterChain.internalDoFilter(ApplicationFilterChain.java:164)
	at org.apache.catalina.core.ApplicationFilterChain.doFilter(ApplicationFilterChain.java:140)
	at org.springframework.web.filter.CharacterEncodingFilter.doFilterInternal(CharacterEncodingFilter.java:201)
	at org.springframework.web.filter.OncePerRequestFilter.doFilter(OncePerRequestFilter.java:116)
	at org.apache.catalina.core.ApplicationFilterChain.internalDoFilter(ApplicationFilterChain.java:164)
	at org.apache.catalina.core.ApplicationFilterChain.doFilter(ApplicationFilterChain.java:140)
	at org.apache.catalina.core.StandardWrapperValve.invoke(StandardWrapperValve.java:167)
	at org.apache.catalina.core.StandardContextValve.invoke(StandardContextValve.java:90)
	at org.apache.catalina.authenticator.AuthenticatorBase.invoke(AuthenticatorBase.java:483)
	at org.apache.catalina.core.StandardHostValve.invoke(StandardHostValve.java:116)
	at org.apache.catalina.valves.ErrorReportValve.invoke(ErrorReportValve.java:93)
	at org.apache.catalina.core.StandardEngineValve.invoke(StandardEngineValve.java:74)
	at org.apache.catalina.connector.CoyoteAdapter.service(CoyoteAdapter.java:344)
	at org.apache.coyote.http11.Http11Processor.service(Http11Processor.java:398)
	at org.apache.coyote.AbstractProcessorLight.process(AbstractProcessorLight.java:63)
	at org.apache.coyote.AbstractProtocol$ConnectionHandler.process(AbstractProtocol.java:903)
	at org.apache.tomcat.util.net.NioEndpoint$SocketProcessor.doRun(NioEndpoint.java:1776)
	at org.apache.tomcat.util.net.SocketProcessorBase.run(SocketProcessorBase.java:52)
	at org.apache.tomcat.util.threads.ThreadPoolExecutor.runWorker(ThreadPoolExecutor.java:975)
	at org.apache.tomcat.util.threads.ThreadPoolExecutor$Worker.run(ThreadPoolExecutor.java:493)
	at org.apache.tomcat.util.threads.TaskThread$WrappingRunnable.run(TaskThread.java:63)
	at java.base/java.lang.Thread.run(Thread.java:1447)
2025-11-24 17:18:05.831 [http-nio-8080-exec-3] ERROR steven.test.project.config.GlobalExceptionHandler:? - [SystemException] 系统异常：
org.springframework.web.servlet.resource.NoResourceFoundException: No static resource api/flightServer/report/reportUavFlightTimes.
	at org.springframework.web.servlet.resource.ResourceHttpRequestHandler.handleRequest(ResourceHttpRequestHandler.java:585)
	at org.springframework.web.servlet.mvc.HttpRequestHandlerAdapter.handle(HttpRequestHandlerAdapter.java:52)
	at org.springframework.web.servlet.DispatcherServlet.doDispatch(DispatcherServlet.java:1089)
	at org.springframework.web.servlet.DispatcherServlet.doService(DispatcherServlet.java:979)
	at org.springframework.web.servlet.FrameworkServlet.processRequest(FrameworkServlet.java:1014)
	at org.springframework.web.servlet.FrameworkServlet.doGet(FrameworkServlet.java:903)
	at jakarta.servlet.http.HttpServlet.service(HttpServlet.java:564)
	at org.springframework.web.servlet.FrameworkServlet.service(FrameworkServlet.java:885)
	at jakarta.servlet.http.HttpServlet.service(HttpServlet.java:658)
	at org.apache.catalina.core.ApplicationFilterChain.internalDoFilter(ApplicationFilterChain.java:195)
	at org.apache.catalina.core.ApplicationFilterChain.doFilter(ApplicationFilterChain.java:140)
	at org.apache.tomcat.websocket.server.WsFilter.doFilter(WsFilter.java:51)
	at org.apache.catalina.core.ApplicationFilterChain.internalDoFilter(ApplicationFilterChain.java:164)
	at org.apache.catalina.core.ApplicationFilterChain.doFilter(ApplicationFilterChain.java:140)
	at org.springframework.web.filter.RequestContextFilter.doFilterInternal(RequestContextFilter.java:100)
	at org.springframework.web.filter.OncePerRequestFilter.doFilter(OncePerRequestFilter.java:116)
	at org.apache.catalina.core.ApplicationFilterChain.internalDoFilter(ApplicationFilterChain.java:164)
	at org.apache.catalina.core.ApplicationFilterChain.doFilter(ApplicationFilterChain.java:140)
	at org.springframework.web.filter.FormContentFilter.doFilterInternal(FormContentFilter.java:93)
	at org.springframework.web.filter.OncePerRequestFilter.doFilter(OncePerRequestFilter.java:116)
	at org.apache.catalina.core.ApplicationFilterChain.internalDoFilter(ApplicationFilterChain.java:164)
	at org.apache.catalina.core.ApplicationFilterChain.doFilter(ApplicationFilterChain.java:140)
	at org.springframework.web.filter.CharacterEncodingFilter.doFilterInternal(CharacterEncodingFilter.java:201)
	at org.springframework.web.filter.OncePerRequestFilter.doFilter(OncePerRequestFilter.java:116)
	at org.apache.catalina.core.ApplicationFilterChain.internalDoFilter(ApplicationFilterChain.java:164)
	at org.apache.catalina.core.ApplicationFilterChain.doFilter(ApplicationFilterChain.java:140)
	at org.apache.catalina.core.StandardWrapperValve.invoke(StandardWrapperValve.java:167)
	at org.apache.catalina.core.StandardContextValve.invoke(StandardContextValve.java:90)
	at org.apache.catalina.authenticator.AuthenticatorBase.invoke(AuthenticatorBase.java:483)
	at org.apache.catalina.core.StandardHostValve.invoke(StandardHostValve.java:116)
	at org.apache.catalina.valves.ErrorReportValve.invoke(ErrorReportValve.java:93)
	at org.apache.catalina.core.StandardEngineValve.invoke(StandardEngineValve.java:74)
	at org.apache.catalina.connector.CoyoteAdapter.service(CoyoteAdapter.java:344)
	at org.apache.coyote.http11.Http11Processor.service(Http11Processor.java:398)
	at org.apache.coyote.AbstractProcessorLight.process(AbstractProcessorLight.java:63)
	at org.apache.coyote.AbstractProtocol$ConnectionHandler.process(AbstractProtocol.java:903)
	at org.apache.tomcat.util.net.NioEndpoint$SocketProcessor.doRun(NioEndpoint.java:1776)
	at org.apache.tomcat.util.net.SocketProcessorBase.run(SocketProcessorBase.java:52)
	at org.apache.tomcat.util.threads.ThreadPoolExecutor.runWorker(ThreadPoolExecutor.java:975)
	at org.apache.tomcat.util.threads.ThreadPoolExecutor$Worker.run(ThreadPoolExecutor.java:493)
	at org.apache.tomcat.util.threads.TaskThread$WrappingRunnable.run(TaskThread.java:63)
	at java.base/java.lang.Thread.run(Thread.java:1447)
2025-11-24 17:18:05.831 [http-nio-8080-exec-1] ERROR steven.test.project.config.GlobalExceptionHandler:? - [SystemException] 系统异常：
org.springframework.web.servlet.resource.NoResourceFoundException: No static resource api/flightServer/report/reportBrand.
	at org.springframework.web.servlet.resource.ResourceHttpRequestHandler.handleRequest(ResourceHttpRequestHandler.java:585)
	at org.springframework.web.servlet.mvc.HttpRequestHandlerAdapter.handle(HttpRequestHandlerAdapter.java:52)
	at org.springframework.web.servlet.DispatcherServlet.doDispatch(DispatcherServlet.java:1089)
	at org.springframework.web.servlet.DispatcherServlet.doService(DispatcherServlet.java:979)
	at org.springframework.web.servlet.FrameworkServlet.processRequest(FrameworkServlet.java:1014)
	at org.springframework.web.servlet.FrameworkServlet.doGet(FrameworkServlet.java:903)
	at jakarta.servlet.http.HttpServlet.service(HttpServlet.java:564)
	at org.springframework.web.servlet.FrameworkServlet.service(FrameworkServlet.java:885)
	at jakarta.servlet.http.HttpServlet.service(HttpServlet.java:658)
	at org.apache.catalina.core.ApplicationFilterChain.internalDoFilter(ApplicationFilterChain.java:195)
	at org.apache.catalina.core.ApplicationFilterChain.doFilter(ApplicationFilterChain.java:140)
	at org.apache.tomcat.websocket.server.WsFilter.doFilter(WsFilter.java:51)
	at org.apache.catalina.core.ApplicationFilterChain.internalDoFilter(ApplicationFilterChain.java:164)
	at org.apache.catalina.core.ApplicationFilterChain.doFilter(ApplicationFilterChain.java:140)
	at org.springframework.web.filter.RequestContextFilter.doFilterInternal(RequestContextFilter.java:100)
	at org.springframework.web.filter.OncePerRequestFilter.doFilter(OncePerRequestFilter.java:116)
	at org.apache.catalina.core.ApplicationFilterChain.internalDoFilter(ApplicationFilterChain.java:164)
	at org.apache.catalina.core.ApplicationFilterChain.doFilter(ApplicationFilterChain.java:140)
	at org.springframework.web.filter.FormContentFilter.doFilterInternal(FormContentFilter.java:93)
	at org.springframework.web.filter.OncePerRequestFilter.doFilter(OncePerRequestFilter.java:116)
	at org.apache.catalina.core.ApplicationFilterChain.internalDoFilter(ApplicationFilterChain.java:164)
	at org.apache.catalina.core.ApplicationFilterChain.doFilter(ApplicationFilterChain.java:140)
	at org.springframework.web.filter.CharacterEncodingFilter.doFilterInternal(CharacterEncodingFilter.java:201)
	at org.springframework.web.filter.OncePerRequestFilter.doFilter(OncePerRequestFilter.java:116)
	at org.apache.catalina.core.ApplicationFilterChain.internalDoFilter(ApplicationFilterChain.java:164)
	at org.apache.catalina.core.ApplicationFilterChain.doFilter(ApplicationFilterChain.java:140)
	at org.apache.catalina.core.StandardWrapperValve.invoke(StandardWrapperValve.java:167)
	at org.apache.catalina.core.StandardContextValve.invoke(StandardContextValve.java:90)
	at org.apache.catalina.authenticator.AuthenticatorBase.invoke(AuthenticatorBase.java:483)
	at org.apache.catalina.core.StandardHostValve.invoke(StandardHostValve.java:116)
	at org.apache.catalina.valves.ErrorReportValve.invoke(ErrorReportValve.java:93)
	at org.apache.catalina.core.StandardEngineValve.invoke(StandardEngineValve.java:74)
	at org.apache.catalina.connector.CoyoteAdapter.service(CoyoteAdapter.java:344)
	at org.apache.coyote.http11.Http11Processor.service(Http11Processor.java:398)
	at org.apache.coyote.AbstractProcessorLight.process(AbstractProcessorLight.java:63)
	at org.apache.coyote.AbstractProtocol$ConnectionHandler.process(AbstractProtocol.java:903)
	at org.apache.tomcat.util.net.NioEndpoint$SocketProcessor.doRun(NioEndpoint.java:1776)
	at org.apache.tomcat.util.net.SocketProcessorBase.run(SocketProcessorBase.java:52)
	at org.apache.tomcat.util.threads.ThreadPoolExecutor.runWorker(ThreadPoolExecutor.java:975)
	at org.apache.tomcat.util.threads.ThreadPoolExecutor$Worker.run(ThreadPoolExecutor.java:493)
	at org.apache.tomcat.util.threads.TaskThread$WrappingRunnable.run(TaskThread.java:63)
	at java.base/java.lang.Thread.run(Thread.java:1447)
2025-11-24 17:18:38.517 [SpringApplicationShutdownHook] INFO  o.s.boot.web.embedded.tomcat.GracefulShutdown:? - Commencing graceful shutdown. Waiting for active requests to complete
2025-11-24 17:18:38.519 [tomcat-shutdown] INFO  o.s.boot.web.embedded.tomcat.GracefulShutdown:? - Graceful shutdown complete
2025-11-24 17:18:38.521 [SpringApplicationShutdownHook] INFO  com.zaxxer.hikari.HikariDataSource:? - HikariPool-1 - Shutdown initiated...
2025-11-24 17:18:38.525 [SpringApplicationShutdownHook] INFO  com.zaxxer.hikari.HikariDataSource:? - HikariPool-1 - Shutdown completed.
2025-11-24 17:18:39.919 [main] INFO  steven.test.project.FirstWebManagerApplication:? - Starting FirstWebManagerApplication using Java 24.0.1 with PID 7052 (D:\shwork\work\javawork\java-project\first-web-manager\target\classes started by 23693 in D:\shwork\work\javawork\java-project)
2025-11-24 17:18:39.919 [main] DEBUG steven.test.project.FirstWebManagerApplication:? - Running with Spring Boot v3.5.6, Spring v6.2.11
2025-11-24 17:18:39.919 [main] INFO  steven.test.project.FirstWebManagerApplication:? - No active profile set, falling back to 1 default profile: "default"
2025-11-24 17:18:40.479 [main] INFO  o.s.boot.web.embedded.tomcat.TomcatWebServer:? - Tomcat initialized with port 8080 (http)
2025-11-24 17:18:40.486 [main] INFO  org.apache.catalina.core.StandardService:? - Starting service [Tomcat]
2025-11-24 17:18:40.486 [main] INFO  org.apache.catalina.core.StandardEngine:? - Starting Servlet engine: [Apache Tomcat/10.1.46]
2025-11-24 17:18:40.509 [main] INFO  o.a.c.core.ContainerBase.[Tomcat].[localhost].[/]:? - Initializing Spring embedded WebApplicationContext
2025-11-24 17:18:40.509 [main] INFO  o.s.b.w.s.c.ServletWebServerApplicationContext:? - Root WebApplicationContext: initialization completed in 570 ms
2025-11-24 17:18:40.552 [main] INFO  com.zaxxer.hikari.HikariDataSource:? - HikariPool-1 - Starting...
2025-11-24 17:18:40.634 [main] INFO  com.zaxxer.hikari.pool.HikariPool:? - HikariPool-1 - Added connection com.mysql.cj.jdbc.ConnectionImpl@782fd504
2025-11-24 17:18:40.635 [main] INFO  com.zaxxer.hikari.HikariDataSource:? - HikariPool-1 - Start completed.
2025-11-24 17:18:40.824 [main] INFO  o.s.v.beanvalidation.OptionalValidatorFactoryBean:? - Failed to set up a Bean Validation provider: jakarta.validation.NoProviderFoundException: Unable to create a Configuration, because no Jakarta Bean Validation provider could be found. Add a provider like Hibernate Validator (RI) to your classpath.
2025-11-24 17:18:41.027 [main] INFO  o.s.boot.web.embedded.tomcat.TomcatWebServer:? - Tomcat started on port 8080 (http) with context path '/'
2025-11-24 17:18:41.031 [main] INFO  steven.test.project.FirstWebManagerApplication:? - Started FirstWebManagerApplication in 1.41 seconds (process running for 1.672)
2025-11-24 17:35:18.526 [http-nio-8080-exec-1] INFO  o.a.c.core.ContainerBase.[Tomcat].[localhost].[/]:? - Initializing Spring DispatcherServlet 'dispatcherServlet'
2025-11-24 17:35:18.527 [http-nio-8080-exec-1] INFO  org.springframework.web.servlet.DispatcherServlet:? - Initializing Servlet 'dispatcherServlet'
2025-11-24 17:35:18.527 [http-nio-8080-exec-1] INFO  org.springframework.web.servlet.DispatcherServlet:? - Completed initialization in 0 ms
2025-11-24 17:35:18.547 [http-nio-8080-exec-1] INFO  steven.test.project.common.aop.LogAspect:? - ==> 请求开始: steven.test.project.controller.DeptController.list
2025-11-24 17:35:18.554 [http-nio-8080-exec-1] INFO  steven.test.project.common.aop.LogAspect:? - ==> 请求参数: [1,10,null]
2025-11-24 17:35:18.647 [http-nio-8080-exec-1] DEBUG s.t.project.mapper.DeptMapper.selectList_mpCount:? - ==>  Preparing: SELECT COUNT(*) AS total FROM dept
2025-11-24 17:35:18.654 [http-nio-8080-exec-1] DEBUG s.t.project.mapper.DeptMapper.selectList_mpCount:? - ==> Parameters: 
2025-11-24 17:35:18.668 [http-nio-8080-exec-1] DEBUG s.t.project.mapper.DeptMapper.selectList_mpCount:? - <==      Total: 1
2025-11-24 17:35:18.670 [http-nio-8080-exec-1] DEBUG steven.test.project.mapper.DeptMapper.selectList:? - ==>  Preparing: SELECT id,name,count,remark,create_time,update_time FROM dept LIMIT ?
2025-11-24 17:35:18.670 [http-nio-8080-exec-1] DEBUG steven.test.project.mapper.DeptMapper.selectList:? - ==> Parameters: 10(Long)
2025-11-24 17:35:18.673 [http-nio-8080-exec-1] DEBUG steven.test.project.mapper.DeptMapper.selectList:? - <==      Total: 10
2025-11-24 17:35:18.676 [http-nio-8080-exec-1] ERROR steven.test.project.config.GlobalExceptionHandler:? - [SystemException] 系统异常：
jakarta.servlet.ServletException: Handler dispatch failed: java.lang.ExceptionInInitializerError
	at org.springframework.web.servlet.DispatcherServlet.doDispatch(DispatcherServlet.java:1104)
	at org.springframework.web.servlet.DispatcherServlet.doService(DispatcherServlet.java:979)
	at org.springframework.web.servlet.FrameworkServlet.processRequest(FrameworkServlet.java:1014)
	at org.springframework.web.servlet.FrameworkServlet.doGet(FrameworkServlet.java:903)
	at jakarta.servlet.http.HttpServlet.service(HttpServlet.java:564)
	at org.springframework.web.servlet.FrameworkServlet.service(FrameworkServlet.java:885)
	at jakarta.servlet.http.HttpServlet.service(HttpServlet.java:658)
	at org.apache.catalina.core.ApplicationFilterChain.internalDoFilter(ApplicationFilterChain.java:195)
	at org.apache.catalina.core.ApplicationFilterChain.doFilter(ApplicationFilterChain.java:140)
	at org.apache.tomcat.websocket.server.WsFilter.doFilter(WsFilter.java:51)
	at org.apache.catalina.core.ApplicationFilterChain.internalDoFilter(ApplicationFilterChain.java:164)
	at org.apache.catalina.core.ApplicationFilterChain.doFilter(ApplicationFilterChain.java:140)
	at org.springframework.web.filter.RequestContextFilter.doFilterInternal(RequestContextFilter.java:100)
	at org.springframework.web.filter.OncePerRequestFilter.doFilter(OncePerRequestFilter.java:116)
	at org.apache.catalina.core.ApplicationFilterChain.internalDoFilter(ApplicationFilterChain.java:164)
	at org.apache.catalina.core.ApplicationFilterChain.doFilter(ApplicationFilterChain.java:140)
	at org.springframework.web.filter.FormContentFilter.doFilterInternal(FormContentFilter.java:93)
	at org.springframework.web.filter.OncePerRequestFilter.doFilter(OncePerRequestFilter.java:116)
	at org.apache.catalina.core.ApplicationFilterChain.internalDoFilter(ApplicationFilterChain.java:164)
	at org.apache.catalina.core.ApplicationFilterChain.doFilter(ApplicationFilterChain.java:140)
	at org.springframework.web.filter.CharacterEncodingFilter.doFilterInternal(CharacterEncodingFilter.java:201)
	at org.springframework.web.filter.OncePerRequestFilter.doFilter(OncePerRequestFilter.java:116)
	at org.apache.catalina.core.ApplicationFilterChain.internalDoFilter(ApplicationFilterChain.java:164)
	at org.apache.catalina.core.ApplicationFilterChain.doFilter(ApplicationFilterChain.java:140)
	at org.apache.catalina.core.StandardWrapperValve.invoke(StandardWrapperValve.java:167)
	at org.apache.catalina.core.StandardContextValve.invoke(StandardContextValve.java:90)
	at org.apache.catalina.authenticator.AuthenticatorBase.invoke(AuthenticatorBase.java:483)
	at org.apache.catalina.core.StandardHostValve.invoke(StandardHostValve.java:116)
	at org.apache.catalina.valves.ErrorReportValve.invoke(ErrorReportValve.java:93)
	at org.apache.catalina.core.StandardEngineValve.invoke(StandardEngineValve.java:74)
	at org.apache.catalina.connector.CoyoteAdapter.service(CoyoteAdapter.java:344)
	at org.apache.coyote.http11.Http11Processor.service(Http11Processor.java:398)
	at org.apache.coyote.AbstractProcessorLight.process(AbstractProcessorLight.java:63)
	at org.apache.coyote.AbstractProtocol$ConnectionHandler.process(AbstractProtocol.java:903)
	at org.apache.tomcat.util.net.NioEndpoint$SocketProcessor.doRun(NioEndpoint.java:1776)
	at org.apache.tomcat.util.net.SocketProcessorBase.run(SocketProcessorBase.java:52)
	at org.apache.tomcat.util.threads.ThreadPoolExecutor.runWorker(ThreadPoolExecutor.java:975)
	at org.apache.tomcat.util.threads.ThreadPoolExecutor$Worker.run(ThreadPoolExecutor.java:493)
	at org.apache.tomcat.util.threads.TaskThread$WrappingRunnable.run(TaskThread.java:63)
	at java.base/java.lang.Thread.run(Thread.java:1447)
Caused by: java.lang.ExceptionInInitializerError: null
	at steven.test.project.controller.DeptController.list(DeptController.java:44)
	at java.base/jdk.internal.reflect.DirectMethodHandleAccessor.invoke(DirectMethodHandleAccessor.java:104)
	at java.base/java.lang.reflect.Method.invoke(Method.java:565)
	at org.springframework.aop.support.AopUtils.invokeJoinpointUsingReflection(AopUtils.java:360)
	at org.springframework.aop.framework.ReflectiveMethodInvocation.invokeJoinpoint(ReflectiveMethodInvocation.java:196)
	at org.springframework.aop.framework.ReflectiveMethodInvocation.proceed(ReflectiveMethodInvocation.java:163)
	at org.springframework.aop.framework.adapter.MethodBeforeAdviceInterceptor.invoke(MethodBeforeAdviceInterceptor.java:58)
	at org.springframework.aop.framework.ReflectiveMethodInvocation.proceed(ReflectiveMethodInvocation.java:184)
	at org.springframework.aop.aspectj.MethodInvocationProceedingJoinPoint.proceed(MethodInvocationProceedingJoinPoint.java:89)
	at steven.test.project.common.aop.LogAspect.doAround(LogAspect.java:53)
	at java.base/jdk.internal.reflect.DirectMethodHandleAccessor.invoke(DirectMethodHandleAccessor.java:104)
	at java.base/java.lang.reflect.Method.invoke(Method.java:565)
	at org.springframework.aop.aspectj.AbstractAspectJAdvice.invokeAdviceMethodWithGivenArgs(AbstractAspectJAdvice.java:649)
	at org.springframework.aop.aspectj.AbstractAspectJAdvice.invokeAdviceMethod(AbstractAspectJAdvice.java:631)
	at org.springframework.aop.aspectj.AspectJAroundAdvice.invoke(AspectJAroundAdvice.java:71)
	at org.springframework.aop.framework.ReflectiveMethodInvocation.proceed(ReflectiveMethodInvocation.java:184)
	at org.springframework.aop.interceptor.ExposeInvocationInterceptor.invoke(ExposeInvocationInterceptor.java:97)
	at org.springframework.aop.framework.ReflectiveMethodInvocation.proceed(ReflectiveMethodInvocation.java:184)
	at org.springframework.aop.framework.CglibAopProxy$DynamicAdvisedInterceptor.intercept(CglibAopProxy.java:728)
	at steven.test.project.controller.DeptController$$SpringCGLIB$$0.list(<generated>)
	at java.base/jdk.internal.reflect.DirectMethodHandleAccessor.invoke(DirectMethodHandleAccessor.java:104)
	at java.base/java.lang.reflect.Method.invoke(Method.java:565)
	at org.springframework.web.method.support.InvocableHandlerMethod.doInvoke(InvocableHandlerMethod.java:258)
	at org.springframework.web.method.support.InvocableHandlerMethod.invokeForRequest(InvocableHandlerMethod.java:191)
	at org.springframework.web.servlet.mvc.method.annotation.ServletInvocableHandlerMethod.invokeAndHandle(ServletInvocableHandlerMethod.java:118)
	at org.springframework.web.servlet.mvc.method.annotation.RequestMappingHandlerAdapter.invokeHandlerMethod(RequestMappingHandlerAdapter.java:991)
	at org.springframework.web.servlet.mvc.method.annotation.RequestMappingHandlerAdapter.handleInternal(RequestMappingHandlerAdapter.java:896)
	at org.springframework.web.servlet.mvc.method.AbstractHandlerMethodAdapter.handle(AbstractHandlerMethodAdapter.java:87)
	at org.springframework.web.servlet.DispatcherServlet.doDispatch(DispatcherServlet.java:1089)
	... 39 common frames omitted
Caused by: java.lang.RuntimeException: java.lang.ClassNotFoundException: Cannot find implementation for steven.test.project.convert.DeptConvert
	at org.mapstruct.factory.Mappers.getMapper(Mappers.java:61)
	at steven.test.project.convert.DeptConvert.<clinit>(DeptConvert.java:14)
	... 68 common frames omitted
Caused by: java.lang.ClassNotFoundException: Cannot find implementation for steven.test.project.convert.DeptConvert
	at org.mapstruct.factory.Mappers.getMapper(Mappers.java:75)
	at org.mapstruct.factory.Mappers.getMapper(Mappers.java:58)
	... 69 common frames omitted
2025-11-24 17:41:43.649 [SpringApplicationShutdownHook] INFO  o.s.boot.web.embedded.tomcat.GracefulShutdown:? - Commencing graceful shutdown. Waiting for active requests to complete
2025-11-24 17:41:43.651 [tomcat-shutdown] INFO  o.s.boot.web.embedded.tomcat.GracefulShutdown:? - Graceful shutdown complete
2025-11-24 17:41:43.653 [SpringApplicationShutdownHook] INFO  com.zaxxer.hikari.HikariDataSource:? - HikariPool-1 - Shutdown initiated...
2025-11-24 17:41:43.658 [SpringApplicationShutdownHook] INFO  com.zaxxer.hikari.HikariDataSource:? - HikariPool-1 - Shutdown completed.
2025-11-24 17:41:50.387 [main] INFO  steven.test.project.FirstWebManagerApplication:? - Starting FirstWebManagerApplication using Java 24.0.1 with PID 28296 (D:\shwork\work\javawork\java-project\first-web-manager\target\classes started by 23693 in D:\shwork\work\javawork\java-project)
2025-11-24 17:41:50.388 [main] DEBUG steven.test.project.FirstWebManagerApplication:? - Running with Spring Boot v3.5.6, Spring v6.2.11
2025-11-24 17:41:50.389 [main] INFO  steven.test.project.FirstWebManagerApplication:? - No active profile set, falling back to 1 default profile: "default"
2025-11-24 17:41:50.436 [main] INFO  steven.test.project.FirstWebManagerApplication:? - Starting FirstWebManagerApplication using Java 24.0.1 with PID 26180 (D:\shwork\work\javawork\java-project\first-web-manager\target\classes started by 23693 in D:\shwork\work\javawork\java-project)
2025-11-24 17:41:50.437 [main] DEBUG steven.test.project.FirstWebManagerApplication:? - Running with Spring Boot v3.5.6, Spring v6.2.11
2025-11-24 17:41:50.438 [main] INFO  steven.test.project.FirstWebManagerApplication:? - No active profile set, falling back to 1 default profile: "default"
2025-11-24 17:41:51.029 [main] INFO  o.s.boot.web.embedded.tomcat.TomcatWebServer:? - Tomcat initialized with port 8080 (http)
2025-11-24 17:41:51.034 [main] INFO  o.s.boot.web.embedded.tomcat.TomcatWebServer:? - Tomcat initialized with port 8080 (http)
2025-11-24 17:41:51.036 [main] INFO  org.apache.catalina.core.StandardService:? - Starting service [Tomcat]
2025-11-24 17:41:51.036 [main] INFO  org.apache.catalina.core.StandardEngine:? - Starting Servlet engine: [Apache Tomcat/10.1.46]
2025-11-24 17:41:51.042 [main] INFO  org.apache.catalina.core.StandardService:? - Starting service [Tomcat]
2025-11-24 17:41:51.042 [main] INFO  org.apache.catalina.core.StandardEngine:? - Starting Servlet engine: [Apache Tomcat/10.1.46]
2025-11-24 17:41:51.059 [main] INFO  o.a.c.core.ContainerBase.[Tomcat].[localhost].[/]:? - Initializing Spring embedded WebApplicationContext
2025-11-24 17:41:51.059 [main] INFO  o.s.b.w.s.c.ServletWebServerApplicationContext:? - Root WebApplicationContext: initialization completed in 599 ms
2025-11-24 17:41:51.066 [main] INFO  o.a.c.core.ContainerBase.[Tomcat].[localhost].[/]:? - Initializing Spring embedded WebApplicationContext
2025-11-24 17:41:51.067 [main] INFO  o.s.b.w.s.c.ServletWebServerApplicationContext:? - Root WebApplicationContext: initialization completed in 655 ms
2025-11-24 17:41:51.102 [main] INFO  com.zaxxer.hikari.HikariDataSource:? - HikariPool-1 - Starting...
2025-11-24 17:41:51.114 [main] INFO  com.zaxxer.hikari.HikariDataSource:? - HikariPool-1 - Starting...
2025-11-24 17:41:51.184 [main] INFO  com.zaxxer.hikari.pool.HikariPool:? - HikariPool-1 - Added connection com.mysql.cj.jdbc.ConnectionImpl@4c7d7430
2025-11-24 17:41:51.185 [main] INFO  com.zaxxer.hikari.HikariDataSource:? - HikariPool-1 - Start completed.
2025-11-24 17:41:51.198 [main] INFO  com.zaxxer.hikari.pool.HikariPool:? - HikariPool-1 - Added connection com.mysql.cj.jdbc.ConnectionImpl@dd737ea
2025-11-24 17:41:51.199 [main] INFO  com.zaxxer.hikari.HikariDataSource:? - HikariPool-1 - Start completed.
2025-11-24 17:41:51.382 [main] INFO  o.s.v.beanvalidation.OptionalValidatorFactoryBean:? - Failed to set up a Bean Validation provider: jakarta.validation.NoProviderFoundException: Unable to create a Configuration, because no Jakarta Bean Validation provider could be found. Add a provider like Hibernate Validator (RI) to your classpath.
2025-11-24 17:41:51.412 [main] INFO  o.s.v.beanvalidation.OptionalValidatorFactoryBean:? - Failed to set up a Bean Validation provider: jakarta.validation.NoProviderFoundException: Unable to create a Configuration, because no Jakarta Bean Validation provider could be found. Add a provider like Hibernate Validator (RI) to your classpath.
2025-11-24 17:41:51.588 [main] INFO  o.s.boot.web.embedded.tomcat.TomcatWebServer:? - Tomcat started on port 8080 (http) with context path '/'
2025-11-24 17:41:51.592 [main] INFO  steven.test.project.FirstWebManagerApplication:? - Started FirstWebManagerApplication in 1.462 seconds (process running for 1.741)
2025-11-24 17:41:51.626 [main] WARN  o.s.b.w.s.c.AnnotationConfigServletWebServerApplicationContext:? - Exception encountered during context initialization - cancelling refresh attempt: org.springframework.context.ApplicationContextException: Failed to start bean 'webServerStartStop'
2025-11-24 17:41:51.627 [main] INFO  com.zaxxer.hikari.HikariDataSource:? - HikariPool-1 - Shutdown initiated...
2025-11-24 17:41:51.631 [main] INFO  com.zaxxer.hikari.HikariDataSource:? - HikariPool-1 - Shutdown completed.
2025-11-24 17:41:51.637 [main] INFO  o.s.b.a.logging.ConditionEvaluationReportLogger:? - 

Error starting ApplicationContext. To display the condition evaluation report re-run your application with 'debug' enabled.
2025-11-24 17:41:51.644 [main] ERROR o.s.b.diagnostics.LoggingFailureAnalysisReporter:? - 

***************************
APPLICATION FAILED TO START
***************************

Description:

Web server failed to start. Port 8080 was already in use.

Action:

Identify and stop the process that's listening on port 8080 or configure this application to listen on another port.

2025-11-24 17:41:56.149 [http-nio-8080-exec-1] INFO  o.a.c.core.ContainerBase.[Tomcat].[localhost].[/]:? - Initializing Spring DispatcherServlet 'dispatcherServlet'
2025-11-24 17:41:56.149 [http-nio-8080-exec-1] INFO  org.springframework.web.servlet.DispatcherServlet:? - Initializing Servlet 'dispatcherServlet'
2025-11-24 17:41:56.150 [http-nio-8080-exec-1] INFO  org.springframework.web.servlet.DispatcherServlet:? - Completed initialization in 0 ms
2025-11-24 17:41:56.165 [http-nio-8080-exec-1] INFO  steven.test.project.common.aop.LogAspect:? - ==> 请求开始: steven.test.project.controller.DeptController.list
2025-11-24 17:41:56.173 [http-nio-8080-exec-1] INFO  steven.test.project.common.aop.LogAspect:? - ==> 请求参数: [1,10,null]
2025-11-24 17:41:56.230 [http-nio-8080-exec-1] DEBUG s.t.project.mapper.DeptMapper.selectList_mpCount:? - ==>  Preparing: SELECT COUNT(*) AS total FROM dept
2025-11-24 17:41:56.238 [http-nio-8080-exec-1] DEBUG s.t.project.mapper.DeptMapper.selectList_mpCount:? - ==> Parameters: 
2025-11-24 17:41:56.245 [http-nio-8080-exec-1] DEBUG s.t.project.mapper.DeptMapper.selectList_mpCount:? - <==      Total: 1
2025-11-24 17:41:56.247 [http-nio-8080-exec-1] DEBUG steven.test.project.mapper.DeptMapper.selectList:? - ==>  Preparing: SELECT id,name,count,remark,create_time,update_time FROM dept LIMIT ?
2025-11-24 17:41:56.248 [http-nio-8080-exec-1] DEBUG steven.test.project.mapper.DeptMapper.selectList:? - ==> Parameters: 10(Long)
2025-11-24 17:41:56.250 [http-nio-8080-exec-1] DEBUG steven.test.project.mapper.DeptMapper.selectList:? - <==      Total: 10
2025-11-24 17:41:56.252 [http-nio-8080-exec-1] DEBUG steven.test.project.mapper.DeptMapper.selectCount:? - ==>  Preparing: SELECT COUNT( * ) AS total FROM dept
2025-11-24 17:41:56.252 [http-nio-8080-exec-1] DEBUG steven.test.project.mapper.DeptMapper.selectCount:? - ==> Parameters: 
2025-11-24 17:41:56.252 [http-nio-8080-exec-1] DEBUG steven.test.project.mapper.DeptMapper.selectCount:? - <==      Total: 1
2025-11-24 17:41:56.275 [http-nio-8080-exec-1] INFO  steven.test.project.common.aop.LogAspect:? - <== 正常结果: Result(code=200, message=success, data={total=29, list=[DeptRespVO(name=AI研究部, count=52, remark=负责人工智能研究, createTime=2024-02-08T10:22:44, updateTime=2024-02-08T10:22:44), DeptRespVO(name=数字营销部, count=28, remark=线上推广与品牌曝光, createTime=2024-03-03T14:33:12, updateTime=2024-03-03T14:33:12), DeptRespVO(name=采购管理部, count=19, remark=负责物资采购, createTime=2024-03-21T11:05:29, updateTime=2024-03-21T11:05:29), DeptRespVO(name=人力资源发展部, count=67, remark=招聘与员工发展, createTime=2024-04-10T08:48:37, updateTime=2024-04-10T08:48:37), DeptRespVO(name=战略合作部, count=42, remark=外部合作洽谈, createTime=2024-04-25T16:20:59, updateTime=2024-04-25T16:20:59), DeptRespVO(name=供应链部, count=87, remark=供应链体系搭建, createTime=2024-05-04T09:55:11, updateTime=2024-05-04T09:55:11), DeptRespVO(name=运维保障部, count=25, remark=系统运行维护, createTime=2024-05-22T13:14:47, updateTime=2024-05-22T13:14:47), DeptRespVO(name=安全监察部, count=54, remark=内部安全检查, createTime=2024-06-03T10:30:25, updateTime=2024-06-03T10:30:25), DeptRespVO(name=政务事务部, count=13, remark=负责政务对接, createTime=2024-06-18T15:43:16, updateTime=2024-06-18T15:43:16), DeptRespVO(name=法律合规监管部, count=41, remark=风险管控与合规, createTime=2024-07-07T11:29:54, updateTime=2024-07-07T11:29:54)]})
2025-11-24 17:41:56.275 [http-nio-8080-exec-1] INFO  steven.test.project.common.aop.LogAspect:? - <== 请求结束, 耗时: 88 ms
2025-11-24 17:42:09.098 [http-nio-8080-exec-2] INFO  steven.test.project.common.aop.LogAspect:? - ==> 请求开始: steven.test.project.controller.DeptController.add
2025-11-24 17:42:09.098 [http-nio-8080-exec-2] INFO  steven.test.project.common.aop.LogAspect:? - ==> 请求参数: [{"name":"hhh","count":20,"remark":"11111"}]
2025-11-24 17:42:09.101 [http-nio-8080-exec-2] DEBUG steven.test.project.mapper.DeptMapper.insert:? - ==>  Preparing: INSERT INTO dept ( id, name, count, remark ) VALUES ( ?, ?, ?, ? )
2025-11-24 17:42:09.102 [http-nio-8080-exec-2] DEBUG steven.test.project.mapper.DeptMapper.insert:? - ==> Parameters: 1992891477810667521(Long), hhh(String), 20(Integer), 11111(String)
2025-11-24 17:42:09.425 [http-nio-8080-exec-2] ERROR steven.test.project.config.GlobalExceptionHandler:? - [SystemException] 系统异常：
org.springframework.dao.DataIntegrityViolationException: 
### Error updating database.  Cause: com.mysql.cj.jdbc.exceptions.MysqlDataTruncation: Data truncation: Out of range value for column 'id' at row 1
### The error may exist in steven/test/project/mapper/DeptMapper.java (best guess)
### The error may involve steven.test.project.mapper.DeptMapper.insert-Inline
### The error occurred while setting parameters
### SQL: INSERT INTO dept  ( id, name, count, remark )  VALUES (  ?, ?, ?, ?  )
### Cause: com.mysql.cj.jdbc.exceptions.MysqlDataTruncation: Data truncation: Out of range value for column 'id' at row 1
; Data truncation: Out of range value for column 'id' at row 1
	at org.springframework.jdbc.support.SQLStateSQLExceptionTranslator.doTranslate(SQLStateSQLExceptionTranslator.java:120)
	at org.springframework.jdbc.support.AbstractFallbackSQLExceptionTranslator.translate(AbstractFallbackSQLExceptionTranslator.java:107)
	at org.springframework.jdbc.support.AbstractFallbackSQLExceptionTranslator.translate(AbstractFallbackSQLExceptionTranslator.java:116)
	at org.springframework.jdbc.support.AbstractFallbackSQLExceptionTranslator.translate(AbstractFallbackSQLExceptionTranslator.java:116)
	at org.mybatis.spring.MyBatisExceptionTranslator.translateExceptionIfPossible(MyBatisExceptionTranslator.java:92)
	at org.mybatis.spring.SqlSessionTemplate$SqlSessionInterceptor.invoke(SqlSessionTemplate.java:439)
	at jdk.proxy2/jdk.proxy2.$Proxy87.insert(Unknown Source)
	at org.mybatis.spring.SqlSessionTemplate.insert(SqlSessionTemplate.java:272)
	at com.baomidou.mybatisplus.core.override.MybatisMapperMethod.execute(MybatisMapperMethod.java:59)
	at com.baomidou.mybatisplus.core.override.MybatisMapperProxy$PlainMethodInvoker.invoke(MybatisMapperProxy.java:149)
	at com.baomidou.mybatisplus.core.override.MybatisMapperProxy.invoke(MybatisMapperProxy.java:90)
	at jdk.proxy2/jdk.proxy2.$Proxy90.insert(Unknown Source)
	at steven.test.project.service.Imp.DeptServiceImp.insertDept(DeptServiceImp.java:54)
	at steven.test.project.controller.DeptController.add(DeptController.java:56)
	at java.base/jdk.internal.reflect.DirectMethodHandleAccessor.invoke(DirectMethodHandleAccessor.java:104)
	at java.base/java.lang.reflect.Method.invoke(Method.java:565)
	at org.springframework.aop.support.AopUtils.invokeJoinpointUsingReflection(AopUtils.java:360)
	at org.springframework.aop.framework.ReflectiveMethodInvocation.invokeJoinpoint(ReflectiveMethodInvocation.java:196)
	at org.springframework.aop.framework.ReflectiveMethodInvocation.proceed(ReflectiveMethodInvocation.java:163)
	at org.springframework.aop.framework.adapter.MethodBeforeAdviceInterceptor.invoke(MethodBeforeAdviceInterceptor.java:58)
	at org.springframework.aop.framework.ReflectiveMethodInvocation.proceed(ReflectiveMethodInvocation.java:184)
	at org.springframework.aop.aspectj.MethodInvocationProceedingJoinPoint.proceed(MethodInvocationProceedingJoinPoint.java:89)
	at steven.test.project.common.aop.LogAspect.doAround(LogAspect.java:53)
	at java.base/jdk.internal.reflect.DirectMethodHandleAccessor.invoke(DirectMethodHandleAccessor.java:104)
	at java.base/java.lang.reflect.Method.invoke(Method.java:565)
	at org.springframework.aop.aspectj.AbstractAspectJAdvice.invokeAdviceMethodWithGivenArgs(AbstractAspectJAdvice.java:649)
	at org.springframework.aop.aspectj.AbstractAspectJAdvice.invokeAdviceMethod(AbstractAspectJAdvice.java:631)
	at org.springframework.aop.aspectj.AspectJAroundAdvice.invoke(AspectJAroundAdvice.java:71)
	at org.springframework.aop.framework.ReflectiveMethodInvocation.proceed(ReflectiveMethodInvocation.java:184)
	at org.springframework.aop.interceptor.ExposeInvocationInterceptor.invoke(ExposeInvocationInterceptor.java:97)
	at org.springframework.aop.framework.ReflectiveMethodInvocation.proceed(ReflectiveMethodInvocation.java:184)
	at org.springframework.aop.framework.CglibAopProxy$DynamicAdvisedInterceptor.intercept(CglibAopProxy.java:728)
	at steven.test.project.controller.DeptController$$SpringCGLIB$$0.add(<generated>)
	at java.base/jdk.internal.reflect.DirectMethodHandleAccessor.invoke(DirectMethodHandleAccessor.java:104)
	at java.base/java.lang.reflect.Method.invoke(Method.java:565)
	at org.springframework.web.method.support.InvocableHandlerMethod.doInvoke(InvocableHandlerMethod.java:258)
	at org.springframework.web.method.support.InvocableHandlerMethod.invokeForRequest(InvocableHandlerMethod.java:191)
	at org.springframework.web.servlet.mvc.method.annotation.ServletInvocableHandlerMethod.invokeAndHandle(ServletInvocableHandlerMethod.java:118)
	at org.springframework.web.servlet.mvc.method.annotation.RequestMappingHandlerAdapter.invokeHandlerMethod(RequestMappingHandlerAdapter.java:991)
	at org.springframework.web.servlet.mvc.method.annotation.RequestMappingHandlerAdapter.handleInternal(RequestMappingHandlerAdapter.java:896)
	at org.springframework.web.servlet.mvc.method.AbstractHandlerMethodAdapter.handle(AbstractHandlerMethodAdapter.java:87)
	at org.springframework.web.servlet.DispatcherServlet.doDispatch(DispatcherServlet.java:1089)
	at org.springframework.web.servlet.DispatcherServlet.doService(DispatcherServlet.java:979)
	at org.springframework.web.servlet.FrameworkServlet.processRequest(FrameworkServlet.java:1014)
	at org.springframework.web.servlet.FrameworkServlet.doPost(FrameworkServlet.java:914)
	at jakarta.servlet.http.HttpServlet.service(HttpServlet.java:590)
	at org.springframework.web.servlet.FrameworkServlet.service(FrameworkServlet.java:885)
	at jakarta.servlet.http.HttpServlet.service(HttpServlet.java:658)
	at org.apache.catalina.core.ApplicationFilterChain.internalDoFilter(ApplicationFilterChain.java:195)
	at org.apache.catalina.core.ApplicationFilterChain.doFilter(ApplicationFilterChain.java:140)
	at org.apache.tomcat.websocket.server.WsFilter.doFilter(WsFilter.java:51)
	at org.apache.catalina.core.ApplicationFilterChain.internalDoFilter(ApplicationFilterChain.java:164)
	at org.apache.catalina.core.ApplicationFilterChain.doFilter(ApplicationFilterChain.java:140)
	at org.springframework.web.filter.RequestContextFilter.doFilterInternal(RequestContextFilter.java:100)
	at org.springframework.web.filter.OncePerRequestFilter.doFilter(OncePerRequestFilter.java:116)
	at org.apache.catalina.core.ApplicationFilterChain.internalDoFilter(ApplicationFilterChain.java:164)
	at org.apache.catalina.core.ApplicationFilterChain.doFilter(ApplicationFilterChain.java:140)
	at org.springframework.web.filter.FormContentFilter.doFilterInternal(FormContentFilter.java:93)
	at org.springframework.web.filter.OncePerRequestFilter.doFilter(OncePerRequestFilter.java:116)
	at org.apache.catalina.core.ApplicationFilterChain.internalDoFilter(ApplicationFilterChain.java:164)
	at org.apache.catalina.core.ApplicationFilterChain.doFilter(ApplicationFilterChain.java:140)
	at org.springframework.web.filter.CharacterEncodingFilter.doFilterInternal(CharacterEncodingFilter.java:201)
	at org.springframework.web.filter.OncePerRequestFilter.doFilter(OncePerRequestFilter.java:116)
	at org.apache.catalina.core.ApplicationFilterChain.internalDoFilter(ApplicationFilterChain.java:164)
	at org.apache.catalina.core.ApplicationFilterChain.doFilter(ApplicationFilterChain.java:140)
	at org.apache.catalina.core.StandardWrapperValve.invoke(StandardWrapperValve.java:167)
	at org.apache.catalina.core.StandardContextValve.invoke(StandardContextValve.java:90)
	at org.apache.catalina.authenticator.AuthenticatorBase.invoke(AuthenticatorBase.java:483)
	at org.apache.catalina.core.StandardHostValve.invoke(StandardHostValve.java:116)
	at org.apache.catalina.valves.ErrorReportValve.invoke(ErrorReportValve.java:93)
	at org.apache.catalina.core.StandardEngineValve.invoke(StandardEngineValve.java:74)
	at org.apache.catalina.connector.CoyoteAdapter.service(CoyoteAdapter.java:344)
	at org.apache.coyote.http11.Http11Processor.service(Http11Processor.java:398)
	at org.apache.coyote.AbstractProcessorLight.process(AbstractProcessorLight.java:63)
	at org.apache.coyote.AbstractProtocol$ConnectionHandler.process(AbstractProtocol.java:903)
	at org.apache.tomcat.util.net.NioEndpoint$SocketProcessor.doRun(NioEndpoint.java:1776)
	at org.apache.tomcat.util.net.SocketProcessorBase.run(SocketProcessorBase.java:52)
	at org.apache.tomcat.util.threads.ThreadPoolExecutor.runWorker(ThreadPoolExecutor.java:975)
	at org.apache.tomcat.util.threads.ThreadPoolExecutor$Worker.run(ThreadPoolExecutor.java:493)
	at org.apache.tomcat.util.threads.TaskThread$WrappingRunnable.run(TaskThread.java:63)
	at java.base/java.lang.Thread.run(Thread.java:1447)
Caused by: com.mysql.cj.jdbc.exceptions.MysqlDataTruncation: Data truncation: Out of range value for column 'id' at row 1
	at com.mysql.cj.jdbc.exceptions.SQLExceptionsMapping.translateException(SQLExceptionsMapping.java:96)
	at com.mysql.cj.jdbc.ClientPreparedStatement.executeInternal(ClientPreparedStatement.java:988)
	at com.mysql.cj.jdbc.ClientPreparedStatement.execute(ClientPreparedStatement.java:383)
	at com.zaxxer.hikari.pool.ProxyPreparedStatement.execute(ProxyPreparedStatement.java:44)
	at com.zaxxer.hikari.pool.HikariProxyPreparedStatement.execute(HikariProxyPreparedStatement.java)
	at java.base/jdk.internal.reflect.DirectMethodHandleAccessor.invoke(DirectMethodHandleAccessor.java:104)
	at java.base/java.lang.reflect.Method.invoke(Method.java:565)
	at org.apache.ibatis.logging.jdbc.PreparedStatementLogger.invoke(PreparedStatementLogger.java:58)
	at jdk.proxy3/jdk.proxy3.$Proxy105.execute(Unknown Source)
	at org.apache.ibatis.executor.statement.PreparedStatementHandler.update(PreparedStatementHandler.java:48)
	at org.apache.ibatis.executor.statement.RoutingStatementHandler.update(RoutingStatementHandler.java:75)
	at java.base/jdk.internal.reflect.DirectMethodHandleAccessor.invoke(DirectMethodHandleAccessor.java:104)
	at java.base/java.lang.reflect.Method.invoke(Method.java:565)
	at org.apache.ibatis.plugin.Plugin.invoke(Plugin.java:61)
	at jdk.proxy2/jdk.proxy2.$Proxy104.update(Unknown Source)
	at org.apache.ibatis.executor.SimpleExecutor.doUpdate(SimpleExecutor.java:50)
	at org.apache.ibatis.executor.BaseExecutor.update(BaseExecutor.java:117)
	at org.apache.ibatis.executor.CachingExecutor.update(CachingExecutor.java:76)
	at java.base/jdk.internal.reflect.DirectMethodHandleAccessor.invoke(DirectMethodHandleAccessor.java:104)
	at java.base/java.lang.reflect.Method.invoke(Method.java:565)
	at org.apache.ibatis.plugin.Invocation.proceed(Invocation.java:61)
	at com.baomidou.mybatisplus.extension.plugins.MybatisPlusInterceptor.intercept(MybatisPlusInterceptor.java:106)
	at org.apache.ibatis.plugin.Plugin.invoke(Plugin.java:59)
	at jdk.proxy2/jdk.proxy2.$Proxy103.update(Unknown Source)
	at org.apache.ibatis.session.defaults.DefaultSqlSession.update(DefaultSqlSession.java:197)
	at org.apache.ibatis.session.defaults.DefaultSqlSession.insert(DefaultSqlSession.java:184)
	at java.base/jdk.internal.reflect.DirectMethodHandleAccessor.invoke(DirectMethodHandleAccessor.java:104)
	at java.base/java.lang.reflect.Method.invoke(Method.java:565)
	at org.mybatis.spring.SqlSessionTemplate$SqlSessionInterceptor.invoke(SqlSessionTemplate.java:425)
	... 75 common frames omitted
2025-11-24 17:44:57.543 [SpringApplicationShutdownHook] INFO  o.s.boot.web.embedded.tomcat.GracefulShutdown:? - Commencing graceful shutdown. Waiting for active requests to complete
2025-11-24 17:44:57.547 [tomcat-shutdown] INFO  o.s.boot.web.embedded.tomcat.GracefulShutdown:? - Graceful shutdown complete
2025-11-24 17:44:57.549 [SpringApplicationShutdownHook] INFO  com.zaxxer.hikari.HikariDataSource:? - HikariPool-1 - Shutdown initiated...
2025-11-24 17:44:57.554 [SpringApplicationShutdownHook] INFO  com.zaxxer.hikari.HikariDataSource:? - HikariPool-1 - Shutdown completed.
2025-11-24 17:44:58.892 [main] INFO  steven.test.project.FirstWebManagerApplication:? - Starting FirstWebManagerApplication using Java 24.0.1 with PID 27752 (D:\shwork\work\javawork\java-project\first-web-manager\target\classes started by 23693 in D:\shwork\work\javawork\java-project)
2025-11-24 17:44:58.893 [main] DEBUG steven.test.project.FirstWebManagerApplication:? - Running with Spring Boot v3.5.6, Spring v6.2.11
2025-11-24 17:44:58.893 [main] INFO  steven.test.project.FirstWebManagerApplication:? - No active profile set, falling back to 1 default profile: "default"
2025-11-24 17:44:59.449 [main] INFO  o.s.boot.web.embedded.tomcat.TomcatWebServer:? - Tomcat initialized with port 8080 (http)
2025-11-24 17:44:59.456 [main] INFO  org.apache.catalina.core.StandardService:? - Starting service [Tomcat]
2025-11-24 17:44:59.456 [main] INFO  org.apache.catalina.core.StandardEngine:? - Starting Servlet engine: [Apache Tomcat/10.1.46]
2025-11-24 17:44:59.478 [main] INFO  o.a.c.core.ContainerBase.[Tomcat].[localhost].[/]:? - Initializing Spring embedded WebApplicationContext
2025-11-24 17:44:59.478 [main] INFO  o.s.b.w.s.c.ServletWebServerApplicationContext:? - Root WebApplicationContext: initialization completed in 566 ms
2025-11-24 17:44:59.518 [main] INFO  com.zaxxer.hikari.HikariDataSource:? - HikariPool-1 - Starting...
2025-11-24 17:44:59.598 [main] INFO  com.zaxxer.hikari.pool.HikariPool:? - HikariPool-1 - Added connection com.mysql.cj.jdbc.ConnectionImpl@414b2df5
2025-11-24 17:44:59.598 [main] INFO  com.zaxxer.hikari.HikariDataSource:? - HikariPool-1 - Start completed.
2025-11-24 17:45:00.127 [main] INFO  o.s.v.beanvalidation.OptionalValidatorFactoryBean:? - Failed to set up a Bean Validation provider: jakarta.validation.NoProviderFoundException: Unable to create a Configuration, because no Jakarta Bean Validation provider could be found. Add a provider like Hibernate Validator (RI) to your classpath.
2025-11-24 17:45:00.324 [main] INFO  o.s.boot.web.embedded.tomcat.TomcatWebServer:? - Tomcat started on port 8080 (http) with context path '/'
2025-11-24 17:45:00.328 [main] INFO  steven.test.project.FirstWebManagerApplication:? - Started FirstWebManagerApplication in 1.722 seconds (process running for 1.981)
2025-11-24 17:45:31.271 [http-nio-8080-exec-1] INFO  o.a.c.core.ContainerBase.[Tomcat].[localhost].[/]:? - Initializing Spring DispatcherServlet 'dispatcherServlet'
2025-11-24 17:45:31.271 [http-nio-8080-exec-1] INFO  org.springframework.web.servlet.DispatcherServlet:? - Initializing Servlet 'dispatcherServlet'
2025-11-24 17:45:31.271 [http-nio-8080-exec-1] INFO  org.springframework.web.servlet.DispatcherServlet:? - Completed initialization in 0 ms
2025-11-24 17:45:31.310 [http-nio-8080-exec-1] INFO  steven.test.project.common.aop.LogAspect:? - ==> 请求开始: steven.test.project.controller.DeptController.add
2025-11-24 17:45:31.317 [http-nio-8080-exec-1] INFO  steven.test.project.common.aop.LogAspect:? - ==> 请求参数: [{"name":"hhh","count":20,"remark":"11111"}]
2025-11-24 17:45:31.344 [http-nio-8080-exec-1] DEBUG steven.test.project.mapper.DeptMapper.insert:? - ==>  Preparing: INSERT INTO dept ( id, name, count, remark ) VALUES ( ?, ?, ?, ? )
2025-11-24 17:45:31.353 [http-nio-8080-exec-1] DEBUG steven.test.project.mapper.DeptMapper.insert:? - ==> Parameters: 1992892326066749442(Long), hhh(String), 20(Integer), 11111(String)
2025-11-24 17:45:31.415 [http-nio-8080-exec-1] DEBUG steven.test.project.mapper.DeptMapper.insert:? - <==    Updates: 1
2025-11-24 17:45:31.417 [http-nio-8080-exec-1] INFO  steven.test.project.common.aop.LogAspect:? - <== 返回结果: {"code":200,"message":"success","data":"新增成功"}
2025-11-24 17:45:31.417 [http-nio-8080-exec-1] INFO  steven.test.project.common.aop.LogAspect:? - <== 请求结束, 耗时: 106 ms
2025-11-24 17:45:44.872 [http-nio-8080-exec-6] INFO  steven.test.project.common.aop.LogAspect:? - ==> 请求开始: steven.test.project.controller.DeptController.update
2025-11-24 17:45:44.873 [http-nio-8080-exec-6] INFO  steven.test.project.common.aop.LogAspect:? - ==> 请求参数: [{"id":30,"name":"ceshi","count":20,"remark":"4454"}]
2025-11-24 17:45:44.880 [http-nio-8080-exec-6] DEBUG steven.test.project.mapper.DeptMapper.updateById:? - ==>  Preparing: UPDATE dept SET name=?, count=?, remark=? WHERE id=?
2025-11-24 17:45:44.881 [http-nio-8080-exec-6] DEBUG steven.test.project.mapper.DeptMapper.updateById:? - ==> Parameters: ceshi(String), 20(Integer), 4454(String), 30(Long)
2025-11-24 17:45:44.931 [http-nio-8080-exec-6] DEBUG steven.test.project.mapper.DeptMapper.updateById:? - <==    Updates: 1
2025-11-24 17:45:44.932 [http-nio-8080-exec-6] INFO  steven.test.project.common.aop.LogAspect:? - <== 返回结果: {"code":200,"message":"success","data":"更新成功"}
2025-11-24 17:45:44.932 [http-nio-8080-exec-6] INFO  steven.test.project.common.aop.LogAspect:? - <== 请求结束, 耗时: 60 ms
2025-11-24 17:47:10.482 [SpringApplicationShutdownHook] INFO  o.s.boot.web.embedded.tomcat.GracefulShutdown:? - Commencing graceful shutdown. Waiting for active requests to complete
2025-11-24 17:47:10.486 [tomcat-shutdown] INFO  o.s.boot.web.embedded.tomcat.GracefulShutdown:? - Graceful shutdown complete
2025-11-24 17:47:10.488 [SpringApplicationShutdownHook] INFO  com.zaxxer.hikari.HikariDataSource:? - HikariPool-1 - Shutdown initiated...
2025-11-24 17:47:10.493 [SpringApplicationShutdownHook] INFO  com.zaxxer.hikari.HikariDataSource:? - HikariPool-1 - Shutdown completed.
2025-11-24 17:47:11.893 [main] INFO  steven.test.project.FirstWebManagerApplication:? - Starting FirstWebManagerApplication using Java 24.0.1 with PID 25248 (D:\shwork\work\javawork\java-project\first-web-manager\target\classes started by 23693 in D:\shwork\work\javawork\java-project)
2025-11-24 17:47:11.894 [main] DEBUG steven.test.project.FirstWebManagerApplication:? - Running with Spring Boot v3.5.6, Spring v6.2.11
2025-11-24 17:47:11.894 [main] INFO  steven.test.project.FirstWebManagerApplication:? - No active profile set, falling back to 1 default profile: "default"
2025-11-24 17:47:12.453 [main] INFO  o.s.boot.web.embedded.tomcat.TomcatWebServer:? - Tomcat initialized with port 8080 (http)
2025-11-24 17:47:12.459 [main] INFO  org.apache.catalina.core.StandardService:? - Starting service [Tomcat]
2025-11-24 17:47:12.460 [main] INFO  org.apache.catalina.core.StandardEngine:? - Starting Servlet engine: [Apache Tomcat/10.1.46]
2025-11-24 17:47:12.483 [main] INFO  o.a.c.core.ContainerBase.[Tomcat].[localhost].[/]:? - Initializing Spring embedded WebApplicationContext
2025-11-24 17:47:12.483 [main] INFO  o.s.b.w.s.c.ServletWebServerApplicationContext:? - Root WebApplicationContext: initialization completed in 569 ms
2025-11-24 17:47:12.524 [main] INFO  com.zaxxer.hikari.HikariDataSource:? - HikariPool-1 - Starting...
2025-11-24 17:47:12.600 [main] INFO  com.zaxxer.hikari.pool.HikariPool:? - HikariPool-1 - Added connection com.mysql.cj.jdbc.ConnectionImpl@2c1d57bc
2025-11-24 17:47:12.601 [main] INFO  com.zaxxer.hikari.HikariDataSource:? - HikariPool-1 - Start completed.
2025-11-24 17:47:12.789 [main] INFO  o.s.v.beanvalidation.OptionalValidatorFactoryBean:? - Failed to set up a Bean Validation provider: jakarta.validation.NoProviderFoundException: Unable to create a Configuration, because no Jakarta Bean Validation provider could be found. Add a provider like Hibernate Validator (RI) to your classpath.
2025-11-24 17:47:12.997 [main] INFO  o.s.boot.web.embedded.tomcat.TomcatWebServer:? - Tomcat started on port 8080 (http) with context path '/'
2025-11-24 17:47:13.001 [main] INFO  steven.test.project.FirstWebManagerApplication:? - Started FirstWebManagerApplication in 1.385 seconds (process running for 1.65)
2025-11-24 17:48:08.137 [http-nio-8080-exec-1] INFO  o.a.c.core.ContainerBase.[Tomcat].[localhost].[/]:? - Initializing Spring DispatcherServlet 'dispatcherServlet'
2025-11-24 17:48:08.137 [http-nio-8080-exec-1] INFO  org.springframework.web.servlet.DispatcherServlet:? - Initializing Servlet 'dispatcherServlet'
2025-11-24 17:48:08.138 [http-nio-8080-exec-1] INFO  org.springframework.web.servlet.DispatcherServlet:? - Completed initialization in 1 ms
2025-11-24 17:48:08.178 [http-nio-8080-exec-1] INFO  steven.test.project.common.aop.LogAspect:? - ==> 请求开始: steven.test.project.controller.DeptController.add
2025-11-24 17:48:08.185 [http-nio-8080-exec-1] INFO  steven.test.project.common.aop.LogAspect:? - ==> 请求参数: [{"name":"hhh","count":20,"remark":"11111"}]
2025-11-24 17:48:08.212 [http-nio-8080-exec-1] DEBUG steven.test.project.mapper.DeptMapper.insert:? - ==>  Preparing: INSERT INTO dept ( id, name, count, remark ) VALUES ( ?, ?, ?, ? )
2025-11-24 17:48:08.221 [http-nio-8080-exec-1] DEBUG steven.test.project.mapper.DeptMapper.insert:? - ==> Parameters: 1992892984018845698(Long), hhh(String), 20(Integer), 11111(String)
2025-11-24 17:48:08.260 [http-nio-8080-exec-1] DEBUG steven.test.project.mapper.DeptMapper.insert:? - <==    Updates: 1
2025-11-24 17:48:08.262 [http-nio-8080-exec-1] INFO  steven.test.project.common.aop.LogAspect:? - <== 返回结果: {"code":200,"message":"success","data":"新增成功"}
2025-11-24 17:48:08.263 [http-nio-8080-exec-1] INFO  steven.test.project.common.aop.LogAspect:? - <== 请求结束, 耗时: 83 ms
2025-11-24 17:50:56.467 [SpringApplicationShutdownHook] INFO  o.s.boot.web.embedded.tomcat.GracefulShutdown:? - Commencing graceful shutdown. Waiting for active requests to complete
2025-11-24 17:50:56.470 [tomcat-shutdown] INFO  o.s.boot.web.embedded.tomcat.GracefulShutdown:? - Graceful shutdown complete
2025-11-24 17:50:56.472 [SpringApplicationShutdownHook] INFO  com.zaxxer.hikari.HikariDataSource:? - HikariPool-1 - Shutdown initiated...
2025-11-24 17:50:56.475 [SpringApplicationShutdownHook] INFO  com.zaxxer.hikari.HikariDataSource:? - HikariPool-1 - Shutdown completed.
2025-11-24 17:50:59.198 [main] INFO  steven.test.project.FirstWebManagerApplication:? - Starting FirstWebManagerApplication using Java 24.0.1 with PID 11984 (D:\shwork\work\javawork\java-project\first-web-manager\target\classes started by 23693 in D:\shwork\work\javawork\java-project)
2025-11-24 17:50:59.199 [main] DEBUG steven.test.project.FirstWebManagerApplication:? - Running with Spring Boot v3.5.6, Spring v6.2.11
2025-11-24 17:50:59.199 [main] INFO  steven.test.project.FirstWebManagerApplication:? - No active profile set, falling back to 1 default profile: "default"
2025-11-24 17:50:59.757 [main] INFO  o.s.boot.web.embedded.tomcat.TomcatWebServer:? - Tomcat initialized with port 8080 (http)
2025-11-24 17:50:59.763 [main] INFO  org.apache.catalina.core.StandardService:? - Starting service [Tomcat]
2025-11-24 17:50:59.763 [main] INFO  org.apache.catalina.core.StandardEngine:? - Starting Servlet engine: [Apache Tomcat/10.1.46]
2025-11-24 17:50:59.786 [main] INFO  o.a.c.core.ContainerBase.[Tomcat].[localhost].[/]:? - Initializing Spring embedded WebApplicationContext
2025-11-24 17:50:59.786 [main] INFO  o.s.b.w.s.c.ServletWebServerApplicationContext:? - Root WebApplicationContext: initialization completed in 567 ms
2025-11-24 17:50:59.828 [main] INFO  com.zaxxer.hikari.HikariDataSource:? - HikariPool-1 - Starting...
2025-11-24 17:50:59.904 [main] INFO  com.zaxxer.hikari.pool.HikariPool:? - HikariPool-1 - Added connection com.mysql.cj.jdbc.ConnectionImpl@3e9beef2
2025-11-24 17:50:59.905 [main] INFO  com.zaxxer.hikari.HikariDataSource:? - HikariPool-1 - Start completed.
2025-11-24 17:51:00.091 [main] INFO  o.s.v.beanvalidation.OptionalValidatorFactoryBean:? - Failed to set up a Bean Validation provider: jakarta.validation.NoProviderFoundException: Unable to create a Configuration, because no Jakarta Bean Validation provider could be found. Add a provider like Hibernate Validator (RI) to your classpath.
2025-11-24 17:51:00.289 [main] INFO  o.s.boot.web.embedded.tomcat.TomcatWebServer:? - Tomcat started on port 8080 (http) with context path '/'
2025-11-24 17:51:00.293 [main] INFO  steven.test.project.FirstWebManagerApplication:? - Started FirstWebManagerApplication in 1.366 seconds (process running for 1.625)
2025-11-24 17:51:11.051 [http-nio-8080-exec-1] INFO  o.a.c.core.ContainerBase.[Tomcat].[localhost].[/]:? - Initializing Spring DispatcherServlet 'dispatcherServlet'
2025-11-24 17:51:11.051 [http-nio-8080-exec-1] INFO  org.springframework.web.servlet.DispatcherServlet:? - Initializing Servlet 'dispatcherServlet'
2025-11-24 17:51:11.052 [http-nio-8080-exec-1] INFO  org.springframework.web.servlet.DispatcherServlet:? - Completed initialization in 1 ms
2025-11-24 17:51:11.093 [http-nio-8080-exec-1] INFO  steven.test.project.common.aop.LogAspect:? - ==> 请求开始: steven.test.project.controller.DeptController.add
2025-11-24 17:51:11.100 [http-nio-8080-exec-1] INFO  steven.test.project.common.aop.LogAspect:? - ==> 请求参数: [{"name":"hhh","count":20,"remark":"11111"}]
2025-11-24 17:51:11.126 [http-nio-8080-exec-1] DEBUG steven.test.project.mapper.DeptMapper.insert:? - ==>  Preparing: INSERT INTO dept ( name, count, remark ) VALUES ( ?, ?, ? )
2025-11-24 17:51:11.134 [http-nio-8080-exec-1] DEBUG steven.test.project.mapper.DeptMapper.insert:? - ==> Parameters: hhh(String), 20(Integer), 11111(String)
2025-11-24 17:51:11.435 [http-nio-8080-exec-1] ERROR steven.test.project.config.GlobalExceptionHandler:? - [SystemException] 系统异常：
org.springframework.dao.DuplicateKeyException: 
### Error updating database.  Cause: java.sql.SQLIntegrityConstraintViolationException: Duplicate entry 'hhh' for key 'dept.name'
### The error may exist in steven/test/project/mapper/DeptMapper.java (best guess)
### The error may involve steven.test.project.mapper.DeptMapper.insert-Inline
### The error occurred while setting parameters
### SQL: INSERT INTO dept  ( name, count, remark )  VALUES (  ?, ?, ?  )
### Cause: java.sql.SQLIntegrityConstraintViolationException: Duplicate entry 'hhh' for key 'dept.name'
; Duplicate entry 'hhh' for key 'dept.name'
	at org.springframework.jdbc.support.SQLErrorCodeSQLExceptionTranslator.doTranslate(SQLErrorCodeSQLExceptionTranslator.java:254)
	at org.springframework.jdbc.support.AbstractFallbackSQLExceptionTranslator.translate(AbstractFallbackSQLExceptionTranslator.java:107)
	at org.mybatis.spring.MyBatisExceptionTranslator.translateExceptionIfPossible(MyBatisExceptionTranslator.java:92)
	at org.mybatis.spring.SqlSessionTemplate$SqlSessionInterceptor.invoke(SqlSessionTemplate.java:439)
	at jdk.proxy2/jdk.proxy2.$Proxy87.insert(Unknown Source)
	at org.mybatis.spring.SqlSessionTemplate.insert(SqlSessionTemplate.java:272)
	at com.baomidou.mybatisplus.core.override.MybatisMapperMethod.execute(MybatisMapperMethod.java:59)
	at com.baomidou.mybatisplus.core.override.MybatisMapperProxy$PlainMethodInvoker.invoke(MybatisMapperProxy.java:149)
	at com.baomidou.mybatisplus.core.override.MybatisMapperProxy.invoke(MybatisMapperProxy.java:90)
	at jdk.proxy2/jdk.proxy2.$Proxy91.insert(Unknown Source)
	at steven.test.project.service.Imp.DeptServiceImp.insertDept(DeptServiceImp.java:54)
	at steven.test.project.controller.DeptController.add(DeptController.java:56)
	at java.base/jdk.internal.reflect.DirectMethodHandleAccessor.invoke(DirectMethodHandleAccessor.java:104)
	at java.base/java.lang.reflect.Method.invoke(Method.java:565)
	at org.springframework.aop.support.AopUtils.invokeJoinpointUsingReflection(AopUtils.java:360)
	at org.springframework.aop.framework.ReflectiveMethodInvocation.invokeJoinpoint(ReflectiveMethodInvocation.java:196)
	at org.springframework.aop.framework.ReflectiveMethodInvocation.proceed(ReflectiveMethodInvocation.java:163)
	at org.springframework.aop.framework.adapter.MethodBeforeAdviceInterceptor.invoke(MethodBeforeAdviceInterceptor.java:58)
	at org.springframework.aop.framework.ReflectiveMethodInvocation.proceed(ReflectiveMethodInvocation.java:184)
	at org.springframework.aop.aspectj.MethodInvocationProceedingJoinPoint.proceed(MethodInvocationProceedingJoinPoint.java:89)
	at steven.test.project.common.aop.LogAspect.doAround(LogAspect.java:53)
	at java.base/jdk.internal.reflect.DirectMethodHandleAccessor.invoke(DirectMethodHandleAccessor.java:104)
	at java.base/java.lang.reflect.Method.invoke(Method.java:565)
	at org.springframework.aop.aspectj.AbstractAspectJAdvice.invokeAdviceMethodWithGivenArgs(AbstractAspectJAdvice.java:649)
	at org.springframework.aop.aspectj.AbstractAspectJAdvice.invokeAdviceMethod(AbstractAspectJAdvice.java:631)
	at org.springframework.aop.aspectj.AspectJAroundAdvice.invoke(AspectJAroundAdvice.java:71)
	at org.springframework.aop.framework.ReflectiveMethodInvocation.proceed(ReflectiveMethodInvocation.java:184)
	at org.springframework.aop.interceptor.ExposeInvocationInterceptor.invoke(ExposeInvocationInterceptor.java:97)
	at org.springframework.aop.framework.ReflectiveMethodInvocation.proceed(ReflectiveMethodInvocation.java:184)
	at org.springframework.aop.framework.CglibAopProxy$DynamicAdvisedInterceptor.intercept(CglibAopProxy.java:728)
	at steven.test.project.controller.DeptController$$SpringCGLIB$$0.add(<generated>)
	at java.base/jdk.internal.reflect.DirectMethodHandleAccessor.invoke(DirectMethodHandleAccessor.java:104)
	at java.base/java.lang.reflect.Method.invoke(Method.java:565)
	at org.springframework.web.method.support.InvocableHandlerMethod.doInvoke(InvocableHandlerMethod.java:258)
	at org.springframework.web.method.support.InvocableHandlerMethod.invokeForRequest(InvocableHandlerMethod.java:191)
	at org.springframework.web.servlet.mvc.method.annotation.ServletInvocableHandlerMethod.invokeAndHandle(ServletInvocableHandlerMethod.java:118)
	at org.springframework.web.servlet.mvc.method.annotation.RequestMappingHandlerAdapter.invokeHandlerMethod(RequestMappingHandlerAdapter.java:991)
	at org.springframework.web.servlet.mvc.method.annotation.RequestMappingHandlerAdapter.handleInternal(RequestMappingHandlerAdapter.java:896)
	at org.springframework.web.servlet.mvc.method.AbstractHandlerMethodAdapter.handle(AbstractHandlerMethodAdapter.java:87)
	at org.springframework.web.servlet.DispatcherServlet.doDispatch(DispatcherServlet.java:1089)
	at org.springframework.web.servlet.DispatcherServlet.doService(DispatcherServlet.java:979)
	at org.springframework.web.servlet.FrameworkServlet.processRequest(FrameworkServlet.java:1014)
	at org.springframework.web.servlet.FrameworkServlet.doPost(FrameworkServlet.java:914)
	at jakarta.servlet.http.HttpServlet.service(HttpServlet.java:590)
	at org.springframework.web.servlet.FrameworkServlet.service(FrameworkServlet.java:885)
	at jakarta.servlet.http.HttpServlet.service(HttpServlet.java:658)
	at org.apache.catalina.core.ApplicationFilterChain.internalDoFilter(ApplicationFilterChain.java:195)
	at org.apache.catalina.core.ApplicationFilterChain.doFilter(ApplicationFilterChain.java:140)
	at org.apache.tomcat.websocket.server.WsFilter.doFilter(WsFilter.java:51)
	at org.apache.catalina.core.ApplicationFilterChain.internalDoFilter(ApplicationFilterChain.java:164)
	at org.apache.catalina.core.ApplicationFilterChain.doFilter(ApplicationFilterChain.java:140)
	at org.springframework.web.filter.RequestContextFilter.doFilterInternal(RequestContextFilter.java:100)
	at org.springframework.web.filter.OncePerRequestFilter.doFilter(OncePerRequestFilter.java:116)
	at org.apache.catalina.core.ApplicationFilterChain.internalDoFilter(ApplicationFilterChain.java:164)
	at org.apache.catalina.core.ApplicationFilterChain.doFilter(ApplicationFilterChain.java:140)
	at org.springframework.web.filter.FormContentFilter.doFilterInternal(FormContentFilter.java:93)
	at org.springframework.web.filter.OncePerRequestFilter.doFilter(OncePerRequestFilter.java:116)
	at org.apache.catalina.core.ApplicationFilterChain.internalDoFilter(ApplicationFilterChain.java:164)
	at org.apache.catalina.core.ApplicationFilterChain.doFilter(ApplicationFilterChain.java:140)
	at org.springframework.web.filter.CharacterEncodingFilter.doFilterInternal(CharacterEncodingFilter.java:201)
	at org.springframework.web.filter.OncePerRequestFilter.doFilter(OncePerRequestFilter.java:116)
	at org.apache.catalina.core.ApplicationFilterChain.internalDoFilter(ApplicationFilterChain.java:164)
	at org.apache.catalina.core.ApplicationFilterChain.doFilter(ApplicationFilterChain.java:140)
	at org.apache.catalina.core.StandardWrapperValve.invoke(StandardWrapperValve.java:167)
	at org.apache.catalina.core.StandardContextValve.invoke(StandardContextValve.java:90)
	at org.apache.catalina.authenticator.AuthenticatorBase.invoke(AuthenticatorBase.java:483)
	at org.apache.catalina.core.StandardHostValve.invoke(StandardHostValve.java:116)
	at org.apache.catalina.valves.ErrorReportValve.invoke(ErrorReportValve.java:93)
	at org.apache.catalina.core.StandardEngineValve.invoke(StandardEngineValve.java:74)
	at org.apache.catalina.connector.CoyoteAdapter.service(CoyoteAdapter.java:344)
	at org.apache.coyote.http11.Http11Processor.service(Http11Processor.java:398)
	at org.apache.coyote.AbstractProcessorLight.process(AbstractProcessorLight.java:63)
	at org.apache.coyote.AbstractProtocol$ConnectionHandler.process(AbstractProtocol.java:903)
	at org.apache.tomcat.util.net.NioEndpoint$SocketProcessor.doRun(NioEndpoint.java:1776)
	at org.apache.tomcat.util.net.SocketProcessorBase.run(SocketProcessorBase.java:52)
	at org.apache.tomcat.util.threads.ThreadPoolExecutor.runWorker(ThreadPoolExecutor.java:975)
	at org.apache.tomcat.util.threads.ThreadPoolExecutor$Worker.run(ThreadPoolExecutor.java:493)
	at org.apache.tomcat.util.threads.TaskThread$WrappingRunnable.run(TaskThread.java:63)
	at java.base/java.lang.Thread.run(Thread.java:1447)
Caused by: java.sql.SQLIntegrityConstraintViolationException: Duplicate entry 'hhh' for key 'dept.name'
	at com.mysql.cj.jdbc.exceptions.SQLError.createSQLException(SQLError.java:109)
	at com.mysql.cj.jdbc.exceptions.SQLExceptionsMapping.translateException(SQLExceptionsMapping.java:114)
	at com.mysql.cj.jdbc.ClientPreparedStatement.executeInternal(ClientPreparedStatement.java:988)
	at com.mysql.cj.jdbc.ClientPreparedStatement.execute(ClientPreparedStatement.java:383)
	at com.zaxxer.hikari.pool.ProxyPreparedStatement.execute(ProxyPreparedStatement.java:44)
	at com.zaxxer.hikari.pool.HikariProxyPreparedStatement.execute(HikariProxyPreparedStatement.java)
	at java.base/jdk.internal.reflect.DirectMethodHandleAccessor.invoke(DirectMethodHandleAccessor.java:104)
	at java.base/java.lang.reflect.Method.invoke(Method.java:565)
	at org.apache.ibatis.logging.jdbc.PreparedStatementLogger.invoke(PreparedStatementLogger.java:58)
	at jdk.proxy3/jdk.proxy3.$Proxy105.execute(Unknown Source)
	at org.apache.ibatis.executor.statement.PreparedStatementHandler.update(PreparedStatementHandler.java:48)
	at org.apache.ibatis.executor.statement.RoutingStatementHandler.update(RoutingStatementHandler.java:75)
	at java.base/jdk.internal.reflect.DirectMethodHandleAccessor.invoke(DirectMethodHandleAccessor.java:104)
	at java.base/java.lang.reflect.Method.invoke(Method.java:565)
	at org.apache.ibatis.plugin.Plugin.invoke(Plugin.java:61)
	at jdk.proxy2/jdk.proxy2.$Proxy104.update(Unknown Source)
	at org.apache.ibatis.executor.SimpleExecutor.doUpdate(SimpleExecutor.java:50)
	at org.apache.ibatis.executor.BaseExecutor.update(BaseExecutor.java:117)
	at org.apache.ibatis.executor.CachingExecutor.update(CachingExecutor.java:76)
	at java.base/jdk.internal.reflect.DirectMethodHandleAccessor.invoke(DirectMethodHandleAccessor.java:104)
	at java.base/java.lang.reflect.Method.invoke(Method.java:565)
	at org.apache.ibatis.plugin.Invocation.proceed(Invocation.java:61)
	at com.baomidou.mybatisplus.extension.plugins.MybatisPlusInterceptor.intercept(MybatisPlusInterceptor.java:106)
	at org.apache.ibatis.plugin.Plugin.invoke(Plugin.java:59)
	at jdk.proxy2/jdk.proxy2.$Proxy103.update(Unknown Source)
	at org.apache.ibatis.session.defaults.DefaultSqlSession.update(DefaultSqlSession.java:197)
	at org.apache.ibatis.session.defaults.DefaultSqlSession.insert(DefaultSqlSession.java:184)
	at java.base/jdk.internal.reflect.DirectMethodHandleAccessor.invoke(DirectMethodHandleAccessor.java:104)
	at java.base/java.lang.reflect.Method.invoke(Method.java:565)
	at org.mybatis.spring.SqlSessionTemplate$SqlSessionInterceptor.invoke(SqlSessionTemplate.java:425)
	... 75 common frames omitted
2025-11-24 17:51:46.900 [http-nio-8080-exec-2] INFO  steven.test.project.common.aop.LogAspect:? - ==> 请求开始: steven.test.project.controller.DeptController.add
2025-11-24 17:51:46.900 [http-nio-8080-exec-2] INFO  steven.test.project.common.aop.LogAspect:? - ==> 请求参数: [{"name":"hhh1","count":20,"remark":"11111"}]
2025-11-24 17:51:46.901 [http-nio-8080-exec-2] DEBUG steven.test.project.mapper.DeptMapper.insert:? - ==>  Preparing: INSERT INTO dept ( name, count, remark ) VALUES ( ?, ?, ? )
2025-11-24 17:51:46.901 [http-nio-8080-exec-2] DEBUG steven.test.project.mapper.DeptMapper.insert:? - ==> Parameters: hhh1(String), 20(Integer), 11111(String)
2025-11-24 17:51:46.941 [http-nio-8080-exec-2] DEBUG steven.test.project.mapper.DeptMapper.insert:? - <==    Updates: 1
2025-11-24 17:51:46.943 [http-nio-8080-exec-2] INFO  steven.test.project.common.aop.LogAspect:? - <== 返回结果: {"code":200,"message":"success","data":"新增成功"}
2025-11-24 17:51:46.943 [http-nio-8080-exec-2] INFO  steven.test.project.common.aop.LogAspect:? - <== 请求结束, 耗时: 42 ms
2025-11-24 17:52:13.764 [http-nio-8080-exec-6] INFO  steven.test.project.common.aop.LogAspect:? - ==> 请求开始: steven.test.project.controller.DeptController.add
2025-11-24 17:52:13.764 [http-nio-8080-exec-6] INFO  steven.test.project.common.aop.LogAspect:? - ==> 请求参数: [{"name":"hhh1","count":20,"remark":"11111"}]
2025-11-24 17:52:13.765 [http-nio-8080-exec-6] DEBUG steven.test.project.mapper.DeptMapper.insert:? - ==>  Preparing: INSERT INTO dept ( name, count, remark ) VALUES ( ?, ?, ? )
2025-11-24 17:52:13.765 [http-nio-8080-exec-6] DEBUG steven.test.project.mapper.DeptMapper.insert:? - ==> Parameters: hhh1(String), 20(Integer), 11111(String)
2025-11-24 17:52:13.865 [http-nio-8080-exec-6] DEBUG steven.test.project.mapper.DeptMapper.insert:? - <==    Updates: 1
2025-11-24 17:52:13.865 [http-nio-8080-exec-6] INFO  steven.test.project.common.aop.LogAspect:? - <== 返回结果: {"code":200,"message":"success","data":"新增成功"}
2025-11-24 17:52:13.865 [http-nio-8080-exec-6] INFO  steven.test.project.common.aop.LogAspect:? - <== 请求结束, 耗时: 101 ms
2025-11-24 17:52:58.327 [SpringApplicationShutdownHook] INFO  o.s.boot.web.embedded.tomcat.GracefulShutdown:? - Commencing graceful shutdown. Waiting for active requests to complete
2025-11-24 17:52:58.330 [tomcat-shutdown] INFO  o.s.boot.web.embedded.tomcat.GracefulShutdown:? - Graceful shutdown complete
2025-11-24 17:52:58.333 [SpringApplicationShutdownHook] INFO  com.zaxxer.hikari.HikariDataSource:? - HikariPool-1 - Shutdown initiated...
2025-11-24 17:52:58.337 [SpringApplicationShutdownHook] INFO  com.zaxxer.hikari.HikariDataSource:? - HikariPool-1 - Shutdown completed.
2025-11-24 17:52:59.690 [main] INFO  steven.test.project.FirstWebManagerApplication:? - Starting FirstWebManagerApplication using Java 24.0.1 with PID 26212 (D:\shwork\work\javawork\java-project\first-web-manager\target\classes started by 23693 in D:\shwork\work\javawork\java-project)
2025-11-24 17:52:59.691 [main] DEBUG steven.test.project.FirstWebManagerApplication:? - Running with Spring Boot v3.5.6, Spring v6.2.11
2025-11-24 17:52:59.691 [main] INFO  steven.test.project.FirstWebManagerApplication:? - No active profile set, falling back to 1 default profile: "default"
2025-11-24 17:53:00.251 [main] INFO  o.s.boot.web.embedded.tomcat.TomcatWebServer:? - Tomcat initialized with port 8080 (http)
2025-11-24 17:53:00.258 [main] INFO  org.apache.catalina.core.StandardService:? - Starting service [Tomcat]
2025-11-24 17:53:00.258 [main] INFO  org.apache.catalina.core.StandardEngine:? - Starting Servlet engine: [Apache Tomcat/10.1.46]
2025-11-24 17:53:00.281 [main] INFO  o.a.c.core.ContainerBase.[Tomcat].[localhost].[/]:? - Initializing Spring embedded WebApplicationContext
2025-11-24 17:53:00.281 [main] INFO  o.s.b.w.s.c.ServletWebServerApplicationContext:? - Root WebApplicationContext: initialization completed in 571 ms
2025-11-24 17:53:00.323 [main] INFO  com.zaxxer.hikari.HikariDataSource:? - HikariPool-1 - Starting...
2025-11-24 17:53:00.400 [main] INFO  com.zaxxer.hikari.pool.HikariPool:? - HikariPool-1 - Added connection com.mysql.cj.jdbc.ConnectionImpl@782fd504
2025-11-24 17:53:00.402 [main] INFO  com.zaxxer.hikari.HikariDataSource:? - HikariPool-1 - Start completed.
2025-11-24 17:53:00.587 [main] INFO  o.s.v.beanvalidation.OptionalValidatorFactoryBean:? - Failed to set up a Bean Validation provider: jakarta.validation.NoProviderFoundException: Unable to create a Configuration, because no Jakarta Bean Validation provider could be found. Add a provider like Hibernate Validator (RI) to your classpath.
2025-11-24 17:53:00.784 [main] INFO  o.s.boot.web.embedded.tomcat.TomcatWebServer:? - Tomcat started on port 8080 (http) with context path '/'
2025-11-24 17:53:00.787 [main] INFO  steven.test.project.FirstWebManagerApplication:? - Started FirstWebManagerApplication in 1.372 seconds (process running for 1.642)
2025-11-24 17:53:16.688 [http-nio-8080-exec-1] INFO  o.a.c.core.ContainerBase.[Tomcat].[localhost].[/]:? - Initializing Spring DispatcherServlet 'dispatcherServlet'
2025-11-24 17:53:16.688 [http-nio-8080-exec-1] INFO  org.springframework.web.servlet.DispatcherServlet:? - Initializing Servlet 'dispatcherServlet'
2025-11-24 17:53:16.688 [http-nio-8080-exec-1] INFO  org.springframework.web.servlet.DispatcherServlet:? - Completed initialization in 0 ms
2025-11-24 17:53:16.728 [http-nio-8080-exec-1] INFO  steven.test.project.common.aop.LogAspect:? - ==> 请求开始: steven.test.project.controller.DeptController.add
2025-11-24 17:53:16.735 [http-nio-8080-exec-1] INFO  steven.test.project.common.aop.LogAspect:? - ==> 请求参数: [{"name":"hhh1","count":20,"remark":"11111"}]
2025-11-24 17:53:16.762 [http-nio-8080-exec-1] DEBUG steven.test.project.mapper.DeptMapper.insert:? - ==>  Preparing: INSERT INTO dept ( name, count, remark ) VALUES ( ?, ?, ? )
2025-11-24 17:53:16.771 [http-nio-8080-exec-1] DEBUG steven.test.project.mapper.DeptMapper.insert:? - ==> Parameters: hhh1(String), 20(Integer), 11111(String)
2025-11-24 17:53:16.821 [http-nio-8080-exec-1] DEBUG steven.test.project.mapper.DeptMapper.insert:? - <==    Updates: 1
2025-11-24 17:53:16.825 [http-nio-8080-exec-1] INFO  steven.test.project.common.aop.LogAspect:? - <== 返回结果: {"code":200,"message":"success","data":"新增成功"}
2025-11-24 17:53:16.825 [http-nio-8080-exec-1] INFO  steven.test.project.common.aop.LogAspect:? - <== 请求结束, 耗时: 95 ms
2025-11-24 17:55:34.411 [SpringApplicationShutdownHook] INFO  o.s.boot.web.embedded.tomcat.GracefulShutdown:? - Commencing graceful shutdown. Waiting for active requests to complete
2025-11-24 17:55:34.413 [tomcat-shutdown] INFO  o.s.boot.web.embedded.tomcat.GracefulShutdown:? - Graceful shutdown complete
2025-11-24 17:55:34.414 [SpringApplicationShutdownHook] INFO  com.zaxxer.hikari.HikariDataSource:? - HikariPool-1 - Shutdown initiated...
2025-11-24 17:55:34.417 [SpringApplicationShutdownHook] INFO  com.zaxxer.hikari.HikariDataSource:? - HikariPool-1 - Shutdown completed.
2025-11-24 17:55:35.748 [main] INFO  steven.test.project.FirstWebManagerApplication:? - Starting FirstWebManagerApplication using Java 24.0.1 with PID 6832 (D:\shwork\work\javawork\java-project\first-web-manager\target\classes started by 23693 in D:\shwork\work\javawork\java-project)
2025-11-24 17:55:35.748 [main] DEBUG steven.test.project.FirstWebManagerApplication:? - Running with Spring Boot v3.5.6, Spring v6.2.11
2025-11-24 17:55:35.749 [main] INFO  steven.test.project.FirstWebManagerApplication:? - No active profile set, falling back to 1 default profile: "default"
2025-11-24 17:55:36.299 [main] INFO  o.s.boot.web.embedded.tomcat.TomcatWebServer:? - Tomcat initialized with port 8080 (http)
2025-11-24 17:55:36.305 [main] INFO  org.apache.catalina.core.StandardService:? - Starting service [Tomcat]
2025-11-24 17:55:36.305 [main] INFO  org.apache.catalina.core.StandardEngine:? - Starting Servlet engine: [Apache Tomcat/10.1.46]
2025-11-24 17:55:36.327 [main] INFO  o.a.c.core.ContainerBase.[Tomcat].[localhost].[/]:? - Initializing Spring embedded WebApplicationContext
2025-11-24 17:55:36.327 [main] INFO  o.s.b.w.s.c.ServletWebServerApplicationContext:? - Root WebApplicationContext: initialization completed in 559 ms
2025-11-24 17:55:36.370 [main] INFO  com.zaxxer.hikari.HikariDataSource:? - HikariPool-1 - Starting...
2025-11-24 17:55:36.447 [main] INFO  com.zaxxer.hikari.pool.HikariPool:? - HikariPool-1 - Added connection com.mysql.cj.jdbc.ConnectionImpl@45d4421d
2025-11-24 17:55:36.448 [main] INFO  com.zaxxer.hikari.HikariDataSource:? - HikariPool-1 - Start completed.
2025-11-24 17:55:36.632 [main] INFO  o.s.v.beanvalidation.OptionalValidatorFactoryBean:? - Failed to set up a Bean Validation provider: jakarta.validation.NoProviderFoundException: Unable to create a Configuration, because no Jakarta Bean Validation provider could be found. Add a provider like Hibernate Validator (RI) to your classpath.
2025-11-24 17:55:36.829 [main] INFO  o.s.boot.web.embedded.tomcat.TomcatWebServer:? - Tomcat started on port 8080 (http) with context path '/'
2025-11-24 17:55:36.833 [main] INFO  steven.test.project.FirstWebManagerApplication:? - Started FirstWebManagerApplication in 1.353 seconds (process running for 1.614)
2025-11-24 17:55:40.990 [http-nio-8080-exec-1] INFO  o.a.c.core.ContainerBase.[Tomcat].[localhost].[/]:? - Initializing Spring DispatcherServlet 'dispatcherServlet'
2025-11-24 17:55:40.991 [http-nio-8080-exec-1] INFO  org.springframework.web.servlet.DispatcherServlet:? - Initializing Servlet 'dispatcherServlet'
2025-11-24 17:55:40.991 [http-nio-8080-exec-1] INFO  org.springframework.web.servlet.DispatcherServlet:? - Completed initialization in 0 ms
2025-11-24 17:55:41.032 [http-nio-8080-exec-1] INFO  steven.test.project.common.aop.LogAspect:? - ==> 请求开始: steven.test.project.controller.DeptController.add
2025-11-24 17:55:41.040 [http-nio-8080-exec-1] INFO  steven.test.project.common.aop.LogAspect:? - ==> 请求参数: [{"name":"hhh1","count":20,"remark":"11111"}]
2025-11-24 17:55:41.067 [http-nio-8080-exec-1] DEBUG steven.test.project.mapper.DeptMapper.insert:? - ==>  Preparing: INSERT INTO dept ( name, count, remark ) VALUES ( ?, ?, ? )
2025-11-24 17:55:41.075 [http-nio-8080-exec-1] DEBUG steven.test.project.mapper.DeptMapper.insert:? - ==> Parameters: hhh1(String), 20(Integer), 11111(String)
2025-11-24 17:55:41.391 [http-nio-8080-exec-1] ERROR steven.test.project.config.GlobalExceptionHandler:? - [SystemException] 系统异常：
org.springframework.dao.DuplicateKeyException: 
### Error updating database.  Cause: java.sql.SQLIntegrityConstraintViolationException: Duplicate entry 'hhh1' for key 'dept.name'
### The error may exist in steven/test/project/mapper/DeptMapper.java (best guess)
### The error may involve steven.test.project.mapper.DeptMapper.insert-Inline
### The error occurred while setting parameters
### SQL: INSERT INTO dept  ( name, count, remark )  VALUES (  ?, ?, ?  )
### Cause: java.sql.SQLIntegrityConstraintViolationException: Duplicate entry 'hhh1' for key 'dept.name'
; Duplicate entry 'hhh1' for key 'dept.name'
	at org.springframework.jdbc.support.SQLErrorCodeSQLExceptionTranslator.doTranslate(SQLErrorCodeSQLExceptionTranslator.java:254)
	at org.springframework.jdbc.support.AbstractFallbackSQLExceptionTranslator.translate(AbstractFallbackSQLExceptionTranslator.java:107)
	at org.mybatis.spring.MyBatisExceptionTranslator.translateExceptionIfPossible(MyBatisExceptionTranslator.java:92)
	at org.mybatis.spring.SqlSessionTemplate$SqlSessionInterceptor.invoke(SqlSessionTemplate.java:439)
	at jdk.proxy2/jdk.proxy2.$Proxy87.insert(Unknown Source)
	at org.mybatis.spring.SqlSessionTemplate.insert(SqlSessionTemplate.java:272)
	at com.baomidou.mybatisplus.core.override.MybatisMapperMethod.execute(MybatisMapperMethod.java:59)
	at com.baomidou.mybatisplus.core.override.MybatisMapperProxy$PlainMethodInvoker.invoke(MybatisMapperProxy.java:149)
	at com.baomidou.mybatisplus.core.override.MybatisMapperProxy.invoke(MybatisMapperProxy.java:90)
	at jdk.proxy2/jdk.proxy2.$Proxy91.insert(Unknown Source)
	at steven.test.project.service.Imp.DeptServiceImp.insertDept(DeptServiceImp.java:54)
	at steven.test.project.controller.DeptController.add(DeptController.java:56)
	at java.base/jdk.internal.reflect.DirectMethodHandleAccessor.invoke(DirectMethodHandleAccessor.java:104)
	at java.base/java.lang.reflect.Method.invoke(Method.java:565)
	at org.springframework.aop.support.AopUtils.invokeJoinpointUsingReflection(AopUtils.java:360)
	at org.springframework.aop.framework.ReflectiveMethodInvocation.invokeJoinpoint(ReflectiveMethodInvocation.java:196)
	at org.springframework.aop.framework.ReflectiveMethodInvocation.proceed(ReflectiveMethodInvocation.java:163)
	at org.springframework.aop.framework.adapter.MethodBeforeAdviceInterceptor.invoke(MethodBeforeAdviceInterceptor.java:58)
	at org.springframework.aop.framework.ReflectiveMethodInvocation.proceed(ReflectiveMethodInvocation.java:184)
	at org.springframework.aop.aspectj.MethodInvocationProceedingJoinPoint.proceed(MethodInvocationProceedingJoinPoint.java:89)
	at steven.test.project.common.aop.LogAspect.doAround(LogAspect.java:53)
	at java.base/jdk.internal.reflect.DirectMethodHandleAccessor.invoke(DirectMethodHandleAccessor.java:104)
	at java.base/java.lang.reflect.Method.invoke(Method.java:565)
	at org.springframework.aop.aspectj.AbstractAspectJAdvice.invokeAdviceMethodWithGivenArgs(AbstractAspectJAdvice.java:649)
	at org.springframework.aop.aspectj.AbstractAspectJAdvice.invokeAdviceMethod(AbstractAspectJAdvice.java:631)
	at org.springframework.aop.aspectj.AspectJAroundAdvice.invoke(AspectJAroundAdvice.java:71)
	at org.springframework.aop.framework.ReflectiveMethodInvocation.proceed(ReflectiveMethodInvocation.java:184)
	at org.springframework.aop.interceptor.ExposeInvocationInterceptor.invoke(ExposeInvocationInterceptor.java:97)
	at org.springframework.aop.framework.ReflectiveMethodInvocation.proceed(ReflectiveMethodInvocation.java:184)
	at org.springframework.aop.framework.CglibAopProxy$DynamicAdvisedInterceptor.intercept(CglibAopProxy.java:728)
	at steven.test.project.controller.DeptController$$SpringCGLIB$$0.add(<generated>)
	at java.base/jdk.internal.reflect.DirectMethodHandleAccessor.invoke(DirectMethodHandleAccessor.java:104)
	at java.base/java.lang.reflect.Method.invoke(Method.java:565)
	at org.springframework.web.method.support.InvocableHandlerMethod.doInvoke(InvocableHandlerMethod.java:258)
	at org.springframework.web.method.support.InvocableHandlerMethod.invokeForRequest(InvocableHandlerMethod.java:191)
	at org.springframework.web.servlet.mvc.method.annotation.ServletInvocableHandlerMethod.invokeAndHandle(ServletInvocableHandlerMethod.java:118)
	at org.springframework.web.servlet.mvc.method.annotation.RequestMappingHandlerAdapter.invokeHandlerMethod(RequestMappingHandlerAdapter.java:991)
	at org.springframework.web.servlet.mvc.method.annotation.RequestMappingHandlerAdapter.handleInternal(RequestMappingHandlerAdapter.java:896)
	at org.springframework.web.servlet.mvc.method.AbstractHandlerMethodAdapter.handle(AbstractHandlerMethodAdapter.java:87)
	at org.springframework.web.servlet.DispatcherServlet.doDispatch(DispatcherServlet.java:1089)
	at org.springframework.web.servlet.DispatcherServlet.doService(DispatcherServlet.java:979)
	at org.springframework.web.servlet.FrameworkServlet.processRequest(FrameworkServlet.java:1014)
	at org.springframework.web.servlet.FrameworkServlet.doPost(FrameworkServlet.java:914)
	at jakarta.servlet.http.HttpServlet.service(HttpServlet.java:590)
	at org.springframework.web.servlet.FrameworkServlet.service(FrameworkServlet.java:885)
	at jakarta.servlet.http.HttpServlet.service(HttpServlet.java:658)
	at org.apache.catalina.core.ApplicationFilterChain.internalDoFilter(ApplicationFilterChain.java:195)
	at org.apache.catalina.core.ApplicationFilterChain.doFilter(ApplicationFilterChain.java:140)
	at org.apache.tomcat.websocket.server.WsFilter.doFilter(WsFilter.java:51)
	at org.apache.catalina.core.ApplicationFilterChain.internalDoFilter(ApplicationFilterChain.java:164)
	at org.apache.catalina.core.ApplicationFilterChain.doFilter(ApplicationFilterChain.java:140)
	at org.springframework.web.filter.RequestContextFilter.doFilterInternal(RequestContextFilter.java:100)
	at org.springframework.web.filter.OncePerRequestFilter.doFilter(OncePerRequestFilter.java:116)
	at org.apache.catalina.core.ApplicationFilterChain.internalDoFilter(ApplicationFilterChain.java:164)
	at org.apache.catalina.core.ApplicationFilterChain.doFilter(ApplicationFilterChain.java:140)
	at org.springframework.web.filter.FormContentFilter.doFilterInternal(FormContentFilter.java:93)
	at org.springframework.web.filter.OncePerRequestFilter.doFilter(OncePerRequestFilter.java:116)
	at org.apache.catalina.core.ApplicationFilterChain.internalDoFilter(ApplicationFilterChain.java:164)
	at org.apache.catalina.core.ApplicationFilterChain.doFilter(ApplicationFilterChain.java:140)
	at org.springframework.web.filter.CharacterEncodingFilter.doFilterInternal(CharacterEncodingFilter.java:201)
	at org.springframework.web.filter.OncePerRequestFilter.doFilter(OncePerRequestFilter.java:116)
	at org.apache.catalina.core.ApplicationFilterChain.internalDoFilter(ApplicationFilterChain.java:164)
	at org.apache.catalina.core.ApplicationFilterChain.doFilter(ApplicationFilterChain.java:140)
	at org.apache.catalina.core.StandardWrapperValve.invoke(StandardWrapperValve.java:167)
	at org.apache.catalina.core.StandardContextValve.invoke(StandardContextValve.java:90)
	at org.apache.catalina.authenticator.AuthenticatorBase.invoke(AuthenticatorBase.java:483)
	at org.apache.catalina.core.StandardHostValve.invoke(StandardHostValve.java:116)
	at org.apache.catalina.valves.ErrorReportValve.invoke(ErrorReportValve.java:93)
	at org.apache.catalina.core.StandardEngineValve.invoke(StandardEngineValve.java:74)
	at org.apache.catalina.connector.CoyoteAdapter.service(CoyoteAdapter.java:344)
	at org.apache.coyote.http11.Http11Processor.service(Http11Processor.java:398)
	at org.apache.coyote.AbstractProcessorLight.process(AbstractProcessorLight.java:63)
	at org.apache.coyote.AbstractProtocol$ConnectionHandler.process(AbstractProtocol.java:903)
	at org.apache.tomcat.util.net.NioEndpoint$SocketProcessor.doRun(NioEndpoint.java:1776)
	at org.apache.tomcat.util.net.SocketProcessorBase.run(SocketProcessorBase.java:52)
	at org.apache.tomcat.util.threads.ThreadPoolExecutor.runWorker(ThreadPoolExecutor.java:975)
	at org.apache.tomcat.util.threads.ThreadPoolExecutor$Worker.run(ThreadPoolExecutor.java:493)
	at org.apache.tomcat.util.threads.TaskThread$WrappingRunnable.run(TaskThread.java:63)
	at java.base/java.lang.Thread.run(Thread.java:1447)
Caused by: java.sql.SQLIntegrityConstraintViolationException: Duplicate entry 'hhh1' for key 'dept.name'
	at com.mysql.cj.jdbc.exceptions.SQLError.createSQLException(SQLError.java:109)
	at com.mysql.cj.jdbc.exceptions.SQLExceptionsMapping.translateException(SQLExceptionsMapping.java:114)
	at com.mysql.cj.jdbc.ClientPreparedStatement.executeInternal(ClientPreparedStatement.java:988)
	at com.mysql.cj.jdbc.ClientPreparedStatement.execute(ClientPreparedStatement.java:383)
	at com.zaxxer.hikari.pool.ProxyPreparedStatement.execute(ProxyPreparedStatement.java:44)
	at com.zaxxer.hikari.pool.HikariProxyPreparedStatement.execute(HikariProxyPreparedStatement.java)
	at java.base/jdk.internal.reflect.DirectMethodHandleAccessor.invoke(DirectMethodHandleAccessor.java:104)
	at java.base/java.lang.reflect.Method.invoke(Method.java:565)
	at org.apache.ibatis.logging.jdbc.PreparedStatementLogger.invoke(PreparedStatementLogger.java:58)
	at jdk.proxy3/jdk.proxy3.$Proxy105.execute(Unknown Source)
	at org.apache.ibatis.executor.statement.PreparedStatementHandler.update(PreparedStatementHandler.java:48)
	at org.apache.ibatis.executor.statement.RoutingStatementHandler.update(RoutingStatementHandler.java:75)
	at java.base/jdk.internal.reflect.DirectMethodHandleAccessor.invoke(DirectMethodHandleAccessor.java:104)
	at java.base/java.lang.reflect.Method.invoke(Method.java:565)
	at org.apache.ibatis.plugin.Plugin.invoke(Plugin.java:61)
	at jdk.proxy2/jdk.proxy2.$Proxy104.update(Unknown Source)
	at org.apache.ibatis.executor.SimpleExecutor.doUpdate(SimpleExecutor.java:50)
	at org.apache.ibatis.executor.BaseExecutor.update(BaseExecutor.java:117)
	at org.apache.ibatis.executor.CachingExecutor.update(CachingExecutor.java:76)
	at java.base/jdk.internal.reflect.DirectMethodHandleAccessor.invoke(DirectMethodHandleAccessor.java:104)
	at java.base/java.lang.reflect.Method.invoke(Method.java:565)
	at org.apache.ibatis.plugin.Invocation.proceed(Invocation.java:61)
	at com.baomidou.mybatisplus.extension.plugins.MybatisPlusInterceptor.intercept(MybatisPlusInterceptor.java:106)
	at org.apache.ibatis.plugin.Plugin.invoke(Plugin.java:59)
	at jdk.proxy2/jdk.proxy2.$Proxy103.update(Unknown Source)
	at org.apache.ibatis.session.defaults.DefaultSqlSession.update(DefaultSqlSession.java:197)
	at org.apache.ibatis.session.defaults.DefaultSqlSession.insert(DefaultSqlSession.java:184)
	at java.base/jdk.internal.reflect.DirectMethodHandleAccessor.invoke(DirectMethodHandleAccessor.java:104)
	at java.base/java.lang.reflect.Method.invoke(Method.java:565)
	at org.mybatis.spring.SqlSessionTemplate$SqlSessionInterceptor.invoke(SqlSessionTemplate.java:425)
	... 75 common frames omitted
2025-11-24 17:56:19.955 [http-nio-8080-exec-2] INFO  steven.test.project.common.aop.LogAspect:? - ==> 请求开始: steven.test.project.controller.DeptController.add
2025-11-24 17:56:19.956 [http-nio-8080-exec-2] INFO  steven.test.project.common.aop.LogAspect:? - ==> 请求参数: [{"name":"hhh1","count":20,"remark":"11111"}]
2025-11-24 17:56:19.956 [http-nio-8080-exec-2] DEBUG steven.test.project.mapper.DeptMapper.insert:? - ==>  Preparing: INSERT INTO dept ( name, count, remark ) VALUES ( ?, ?, ? )
2025-11-24 17:56:19.956 [http-nio-8080-exec-2] DEBUG steven.test.project.mapper.DeptMapper.insert:? - ==> Parameters: hhh1(String), 20(Integer), 11111(String)
2025-11-24 17:56:19.995 [http-nio-8080-exec-2] DEBUG steven.test.project.mapper.DeptMapper.insert:? - <==    Updates: 1
2025-11-24 17:56:19.997 [http-nio-8080-exec-2] INFO  steven.test.project.common.aop.LogAspect:? - <== 返回结果: {"code":200,"message":"success","data":"新增成功"}
2025-11-24 17:56:19.997 [http-nio-8080-exec-2] INFO  steven.test.project.common.aop.LogAspect:? - <== 请求结束, 耗时: 42 ms
2025-11-24 17:58:25.802 [SpringApplicationShutdownHook] INFO  o.s.boot.web.embedded.tomcat.GracefulShutdown:? - Commencing graceful shutdown. Waiting for active requests to complete
2025-11-24 17:58:25.806 [tomcat-shutdown] INFO  o.s.boot.web.embedded.tomcat.GracefulShutdown:? - Graceful shutdown complete
2025-11-24 17:58:25.808 [SpringApplicationShutdownHook] INFO  com.zaxxer.hikari.HikariDataSource:? - HikariPool-1 - Shutdown initiated...
2025-11-24 17:58:25.812 [SpringApplicationShutdownHook] INFO  com.zaxxer.hikari.HikariDataSource:? - HikariPool-1 - Shutdown completed.
2025-11-24 17:58:27.167 [main] INFO  steven.test.project.FirstWebManagerApplication:? - Starting FirstWebManagerApplication using Java 24.0.1 with PID 27048 (D:\shwork\work\javawork\java-project\first-web-manager\target\classes started by 23693 in D:\shwork\work\javawork\java-project)
2025-11-24 17:58:27.168 [main] DEBUG steven.test.project.FirstWebManagerApplication:? - Running with Spring Boot v3.5.6, Spring v6.2.11
2025-11-24 17:58:27.168 [main] INFO  steven.test.project.FirstWebManagerApplication:? - No active profile set, falling back to 1 default profile: "default"
2025-11-24 17:58:27.717 [main] INFO  o.s.boot.web.embedded.tomcat.TomcatWebServer:? - Tomcat initialized with port 8080 (http)
2025-11-24 17:58:27.724 [main] INFO  org.apache.catalina.core.StandardService:? - Starting service [Tomcat]
2025-11-24 17:58:27.724 [main] INFO  org.apache.catalina.core.StandardEngine:? - Starting Servlet engine: [Apache Tomcat/10.1.46]
2025-11-24 17:58:27.746 [main] INFO  o.a.c.core.ContainerBase.[Tomcat].[localhost].[/]:? - Initializing Spring embedded WebApplicationContext
2025-11-24 17:58:27.746 [main] INFO  o.s.b.w.s.c.ServletWebServerApplicationContext:? - Root WebApplicationContext: initialization completed in 558 ms
2025-11-24 17:58:27.786 [main] INFO  com.zaxxer.hikari.HikariDataSource:? - HikariPool-1 - Starting...
2025-11-24 17:58:29.084 [main] WARN  o.s.b.w.s.c.AnnotationConfigServletWebServerApplicationContext:? - Exception encountered during context initialization - cancelling refresh attempt: org.springframework.beans.factory.BeanCreationException: Error creating bean with name 'dbInitializer': Invocation of init method failed
2025-11-24 17:58:29.090 [main] INFO  org.apache.catalina.core.StandardService:? - Stopping service [Tomcat]
2025-11-24 17:58:29.098 [main] INFO  o.s.b.a.logging.ConditionEvaluationReportLogger:? - 

Error starting ApplicationContext. To display the condition evaluation report re-run your application with 'debug' enabled.
2025-11-24 17:58:29.111 [main] ERROR org.springframework.boot.SpringApplication:? - Application run failed
org.springframework.beans.factory.BeanCreationException: Error creating bean with name 'dbInitializer': Invocation of init method failed
	at org.springframework.beans.factory.annotation.InitDestroyAnnotationBeanPostProcessor.postProcessBeforeInitialization(InitDestroyAnnotationBeanPostProcessor.java:222)
	at org.springframework.beans.factory.support.AbstractAutowireCapableBeanFactory.applyBeanPostProcessorsBeforeInitialization(AbstractAutowireCapableBeanFactory.java:429)
	at org.springframework.beans.factory.support.AbstractAutowireCapableBeanFactory.initializeBean(AbstractAutowireCapableBeanFactory.java:1818)
	at org.springframework.beans.factory.support.AbstractAutowireCapableBeanFactory.doCreateBean(AbstractAutowireCapableBeanFactory.java:607)
	at org.springframework.beans.factory.support.AbstractAutowireCapableBeanFactory.createBean(AbstractAutowireCapableBeanFactory.java:529)
	at org.springframework.beans.factory.support.AbstractBeanFactory.lambda$doGetBean$0(AbstractBeanFactory.java:339)
	at org.springframework.beans.factory.support.DefaultSingletonBeanRegistry.getSingleton(DefaultSingletonBeanRegistry.java:373)
	at org.springframework.beans.factory.support.AbstractBeanFactory.doGetBean(AbstractBeanFactory.java:337)
	at org.springframework.beans.factory.support.AbstractBeanFactory.getBean(AbstractBeanFactory.java:202)
	at org.springframework.beans.factory.support.DefaultListableBeanFactory.instantiateSingleton(DefaultListableBeanFactory.java:1221)
	at org.springframework.beans.factory.support.DefaultListableBeanFactory.preInstantiateSingleton(DefaultListableBeanFactory.java:1187)
	at org.springframework.beans.factory.support.DefaultListableBeanFactory.preInstantiateSingletons(DefaultListableBeanFactory.java:1123)
	at org.springframework.context.support.AbstractApplicationContext.finishBeanFactoryInitialization(AbstractApplicationContext.java:987)
	at org.springframework.context.support.AbstractApplicationContext.refresh(AbstractApplicationContext.java:627)
	at org.springframework.boot.web.servlet.context.ServletWebServerApplicationContext.refresh(ServletWebServerApplicationContext.java:146)
	at org.springframework.boot.SpringApplication.refresh(SpringApplication.java:752)
	at org.springframework.boot.SpringApplication.refreshContext(SpringApplication.java:439)
	at org.springframework.boot.SpringApplication.run(SpringApplication.java:318)
	at org.springframework.boot.SpringApplication.run(SpringApplication.java:1361)
	at org.springframework.boot.SpringApplication.run(SpringApplication.java:1350)
	at steven.test.project.FirstWebManagerApplication.main(FirstWebManagerApplication.java:10)
Caused by: java.lang.RuntimeException: 初始化数据库失败
	at steven.test.project.config.DbInitializer.init(DbInitializer.java:40)
	at java.base/jdk.internal.reflect.DirectMethodHandleAccessor.invoke(DirectMethodHandleAccessor.java:104)
	at java.base/java.lang.reflect.Method.invoke(Method.java:565)
	at org.springframework.beans.factory.annotation.InitDestroyAnnotationBeanPostProcessor$LifecycleMethod.invoke(InitDestroyAnnotationBeanPostProcessor.java:457)
	at org.springframework.beans.factory.annotation.InitDestroyAnnotationBeanPostProcessor$LifecycleMetadata.invokeInitMethods(InitDestroyAnnotationBeanPostProcessor.java:401)
	at org.springframework.beans.factory.annotation.InitDestroyAnnotationBeanPostProcessor.postProcessBeforeInitialization(InitDestroyAnnotationBeanPostProcessor.java:219)
	... 20 common frames omitted
Caused by: java.sql.SQLSyntaxErrorException: Unknown database 'myproject'
	at com.mysql.cj.jdbc.exceptions.SQLError.createSQLException(SQLError.java:112)
	at com.mysql.cj.jdbc.exceptions.SQLExceptionsMapping.translateException(SQLExceptionsMapping.java:114)
	at com.mysql.cj.jdbc.ConnectionImpl.createNewIO(ConnectionImpl.java:839)
	at com.mysql.cj.jdbc.ConnectionImpl.<init>(ConnectionImpl.java:415)
	at com.mysql.cj.jdbc.ConnectionImpl.getInstance(ConnectionImpl.java:237)
	at com.mysql.cj.jdbc.NonRegisteringDriver.connect(NonRegisteringDriver.java:180)
	at com.zaxxer.hikari.util.DriverDataSource.getConnection(DriverDataSource.java:144)
	at com.zaxxer.hikari.pool.PoolBase.newConnection(PoolBase.java:370)
	at com.zaxxer.hikari.pool.PoolBase.newPoolEntry(PoolBase.java:207)
	at com.zaxxer.hikari.pool.HikariPool.createPoolEntry(HikariPool.java:488)
	at com.zaxxer.hikari.pool.HikariPool.checkFailFast(HikariPool.java:576)
	at com.zaxxer.hikari.pool.HikariPool.<init>(HikariPool.java:97)
	at com.zaxxer.hikari.HikariDataSource.getConnection(HikariDataSource.java:111)
	at steven.test.project.config.DbInitializer.init(DbInitializer.java:30)
	... 25 common frames omitted
2025-11-24 17:59:17.690 [main] INFO  steven.test.project.FirstWebManagerApplication:? - Starting FirstWebManagerApplication using Java 24.0.1 with PID 21424 (D:\shwork\work\javawork\java-project\first-web-manager\target\classes started by 23693 in D:\shwork\work\javawork\java-project)
2025-11-24 17:59:17.691 [main] DEBUG steven.test.project.FirstWebManagerApplication:? - Running with Spring Boot v3.5.6, Spring v6.2.11
2025-11-24 17:59:17.691 [main] INFO  steven.test.project.FirstWebManagerApplication:? - No active profile set, falling back to 1 default profile: "default"
2025-11-24 17:59:18.259 [main] INFO  o.s.boot.web.embedded.tomcat.TomcatWebServer:? - Tomcat initialized with port 8080 (http)
2025-11-24 17:59:18.266 [main] INFO  org.apache.catalina.core.StandardService:? - Starting service [Tomcat]
2025-11-24 17:59:18.266 [main] INFO  org.apache.catalina.core.StandardEngine:? - Starting Servlet engine: [Apache Tomcat/10.1.46]
2025-11-24 17:59:18.289 [main] INFO  o.a.c.core.ContainerBase.[Tomcat].[localhost].[/]:? - Initializing Spring embedded WebApplicationContext
2025-11-24 17:59:18.289 [main] INFO  o.s.b.w.s.c.ServletWebServerApplicationContext:? - Root WebApplicationContext: initialization completed in 578 ms
2025-11-24 17:59:18.334 [main] INFO  com.zaxxer.hikari.HikariDataSource:? - HikariPool-1 - Starting...
2025-11-24 17:59:19.637 [main] WARN  o.s.b.w.s.c.AnnotationConfigServletWebServerApplicationContext:? - Exception encountered during context initialization - cancelling refresh attempt: org.springframework.beans.factory.BeanCreationException: Error creating bean with name 'dbInitializer': Invocation of init method failed
2025-11-24 17:59:19.639 [main] INFO  org.apache.catalina.core.StandardService:? - Stopping service [Tomcat]
2025-11-24 17:59:19.646 [main] INFO  o.s.b.a.logging.ConditionEvaluationReportLogger:? - 

Error starting ApplicationContext. To display the condition evaluation report re-run your application with 'debug' enabled.
2025-11-24 17:59:19.660 [main] ERROR org.springframework.boot.SpringApplication:? - Application run failed
org.springframework.beans.factory.BeanCreationException: Error creating bean with name 'dbInitializer': Invocation of init method failed
	at org.springframework.beans.factory.annotation.InitDestroyAnnotationBeanPostProcessor.postProcessBeforeInitialization(InitDestroyAnnotationBeanPostProcessor.java:222)
	at org.springframework.beans.factory.support.AbstractAutowireCapableBeanFactory.applyBeanPostProcessorsBeforeInitialization(AbstractAutowireCapableBeanFactory.java:429)
	at org.springframework.beans.factory.support.AbstractAutowireCapableBeanFactory.initializeBean(AbstractAutowireCapableBeanFactory.java:1818)
	at org.springframework.beans.factory.support.AbstractAutowireCapableBeanFactory.doCreateBean(AbstractAutowireCapableBeanFactory.java:607)
	at org.springframework.beans.factory.support.AbstractAutowireCapableBeanFactory.createBean(AbstractAutowireCapableBeanFactory.java:529)
	at org.springframework.beans.factory.support.AbstractBeanFactory.lambda$doGetBean$0(AbstractBeanFactory.java:339)
	at org.springframework.beans.factory.support.DefaultSingletonBeanRegistry.getSingleton(DefaultSingletonBeanRegistry.java:373)
	at org.springframework.beans.factory.support.AbstractBeanFactory.doGetBean(AbstractBeanFactory.java:337)
	at org.springframework.beans.factory.support.AbstractBeanFactory.getBean(AbstractBeanFactory.java:202)
	at org.springframework.beans.factory.support.DefaultListableBeanFactory.instantiateSingleton(DefaultListableBeanFactory.java:1221)
	at org.springframework.beans.factory.support.DefaultListableBeanFactory.preInstantiateSingleton(DefaultListableBeanFactory.java:1187)
	at org.springframework.beans.factory.support.DefaultListableBeanFactory.preInstantiateSingletons(DefaultListableBeanFactory.java:1123)
	at org.springframework.context.support.AbstractApplicationContext.finishBeanFactoryInitialization(AbstractApplicationContext.java:987)
	at org.springframework.context.support.AbstractApplicationContext.refresh(AbstractApplicationContext.java:627)
	at org.springframework.boot.web.servlet.context.ServletWebServerApplicationContext.refresh(ServletWebServerApplicationContext.java:146)
	at org.springframework.boot.SpringApplication.refresh(SpringApplication.java:752)
	at org.springframework.boot.SpringApplication.refreshContext(SpringApplication.java:439)
	at org.springframework.boot.SpringApplication.run(SpringApplication.java:318)
	at org.springframework.boot.SpringApplication.run(SpringApplication.java:1361)
	at org.springframework.boot.SpringApplication.run(SpringApplication.java:1350)
	at steven.test.project.FirstWebManagerApplication.main(FirstWebManagerApplication.java:10)
Caused by: java.lang.RuntimeException: 初始化数据库失败
	at steven.test.project.config.DbInitializer.init(DbInitializer.java:40)
	at java.base/jdk.internal.reflect.DirectMethodHandleAccessor.invoke(DirectMethodHandleAccessor.java:104)
	at java.base/java.lang.reflect.Method.invoke(Method.java:565)
	at org.springframework.beans.factory.annotation.InitDestroyAnnotationBeanPostProcessor$LifecycleMethod.invoke(InitDestroyAnnotationBeanPostProcessor.java:457)
	at org.springframework.beans.factory.annotation.InitDestroyAnnotationBeanPostProcessor$LifecycleMetadata.invokeInitMethods(InitDestroyAnnotationBeanPostProcessor.java:401)
	at org.springframework.beans.factory.annotation.InitDestroyAnnotationBeanPostProcessor.postProcessBeforeInitialization(InitDestroyAnnotationBeanPostProcessor.java:219)
	... 20 common frames omitted
Caused by: java.sql.SQLSyntaxErrorException: Unknown database 'myproject'
	at com.mysql.cj.jdbc.exceptions.SQLError.createSQLException(SQLError.java:112)
	at com.mysql.cj.jdbc.exceptions.SQLExceptionsMapping.translateException(SQLExceptionsMapping.java:114)
	at com.mysql.cj.jdbc.ConnectionImpl.createNewIO(ConnectionImpl.java:839)
	at com.mysql.cj.jdbc.ConnectionImpl.<init>(ConnectionImpl.java:415)
	at com.mysql.cj.jdbc.ConnectionImpl.getInstance(ConnectionImpl.java:237)
	at com.mysql.cj.jdbc.NonRegisteringDriver.connect(NonRegisteringDriver.java:180)
	at com.zaxxer.hikari.util.DriverDataSource.getConnection(DriverDataSource.java:144)
	at com.zaxxer.hikari.pool.PoolBase.newConnection(PoolBase.java:370)
	at com.zaxxer.hikari.pool.PoolBase.newPoolEntry(PoolBase.java:207)
	at com.zaxxer.hikari.pool.HikariPool.createPoolEntry(HikariPool.java:488)
	at com.zaxxer.hikari.pool.HikariPool.checkFailFast(HikariPool.java:576)
	at com.zaxxer.hikari.pool.HikariPool.<init>(HikariPool.java:97)
	at com.zaxxer.hikari.HikariDataSource.getConnection(HikariDataSource.java:111)
	at steven.test.project.config.DbInitializer.init(DbInitializer.java:30)
	... 25 common frames omitted
